study,questionnaire,question,item,dataset,variable,concept
soep-core,soep-core-2015-hh,0,hnr,h15_a-kh_kor_160111,hnr,hnr
soep-core,soep-core-2015-hh,0,name,h15_a-kh_kor_160111,name,name
soep-core,soep-core-2015-hh,0,pnr,h15_a-kh_kor_160111,pnr,pnr
soep-core,soep-core-2015-hh,1,,h15_a-kh_kor_160111,hwsit,hwsit
soep-core,soep-core-2015-hh,10,,h15_a-kh_kor_160111,humb,humb
soep-core,soep-core-2015-hh,11,hqm,h15_a-kh_kor_160111,hqm,hqm
soep-core,soep-core-2015-hh,12,hraum,h15_a-kh_kor_160111,hraum,hraum
soep-core,soep-core-2015-hh,13,,h15_a-kh_kor_160111,hgr,hgr
soep-core,soep-core-2015-hh,14,,h15_a-kh_kor_160111,hzus,hzus
soep-core,soep-core-2015-hh,15,hbau1,h15_a-kh_kor_160111,hbau1,hbau1
soep-core,soep-core-2015-hh,15,hbau10,h15_a-kh_kor_160111,hbau10,hbau10
soep-core,soep-core-2015-hh,15,hbau2,h15_a-kh_kor_160111,hbau2,hbau2
soep-core,soep-core-2015-hh,15,hbau3,h15_a-kh_kor_160111,hbau3,hbau3
soep-core,soep-core-2015-hh,15,hbau4,h15_a-kh_kor_160111,hbau4,hbau4
soep-core,soep-core-2015-hh,15,hbau5,h15_a-kh_kor_160111,hbau5,hbau5
soep-core,soep-core-2015-hh,15,hbau6,h15_a-kh_kor_160111,hbau6,hbau6
soep-core,soep-core-2015-hh,15,hbau9,h15_a-kh_kor_160111,hbau9,hbau9
soep-core,soep-core-2015-hh,16,,h15_a-kh_kor_160111,hbau7,hbau7
soep-core,soep-core-2015-hh,17,,h15_a-kh_kor_160111,hbau8,hbau8
soep-core,soep-core-2015-hh,18,hbau11,h15_a-kh_kor_160111,hbau11,hbau11
soep-core,soep-core-2015-hh,19,,h15_a-kh_kor_160111,hbau12,hbau12
soep-core,soep-core-2015-hh,19,hbau13,h15_a-kh_kor_160111,hbau13,hbau13
soep-core,soep-core-2015-hh,2,hwj,h15_a-kh_kor_160111,hwj,hwj
soep-core,soep-core-2015-hh,2,hwm,h15_a-kh_kor_160111,hwm,hwm
soep-core,soep-core-2015-hh,20,hwohn15,h15_a-kh_kor_160111,hwohn15,hwohn15
soep-core,soep-core-2015-hh,20,hwohn16,h15_a-kh_kor_160111,hwohn16,hwohn16
soep-core,soep-core-2015-hh,20,hwohn17,h15_a-kh_kor_160111,hwohn17,hwohn17
soep-core,soep-core-2015-hh,20,hwohn18,h15_a-kh_kor_160111,hwohn18,hwohn18
soep-core,soep-core-2015-hh,20,hwohn19,h15_a-kh_kor_160111,hwohn19,hwohn19
soep-core,soep-core-2015-hh,20,hwohn20,h15_a-kh_kor_160111,hwohn20,hwohn20
soep-core,soep-core-2015-hh,20,hwohn21,h15_a-kh_kor_160111,hwohn21,hwohn21
soep-core,soep-core-2015-hh,20,hwohn22,h15_a-kh_kor_160111,hwohn22,hwohn22
soep-core,soep-core-2015-hh,20,hwohn23,h15_a-kh_kor_160111,hwohn23,hwohn23
soep-core,soep-core-2015-hh,20,hwohn24,h15_a-kh_kor_160111,hwohn24,hwohn24
soep-core,soep-core-2015-hh,20,hwohn26,h15_a-kh_kor_160111,hwohn26,hwohn26
soep-core,soep-core-2015-hh,20,hwohn27,h15_a-kh_kor_160111,hwohn27,hwohn27
soep-core,soep-core-2015-hh,20,hwohn28,h15_a-kh_kor_160111,hwohn28,hwohn28
soep-core,soep-core-2015-hh,21,,h15_a-kh_kor_160111,hew1,hew1
soep-core,soep-core-2015-hh,22,,h15_a-kh_kor_160111,hew2,hew2
soep-core,soep-core-2015-hh,22,hew3,h15_a-kh_kor_160111,hew3,hew3
soep-core,soep-core-2015-hh,22,hew4,h15_a-kh_kor_160111,hew4,hew4
soep-core,soep-core-2015-hh,23,,h15_a-kh_kor_160111,hm01,hm01
soep-core,soep-core-2015-hh,24,,h15_a-kh_kor_160111,he01,he01
soep-core,soep-core-2015-hh,25,he02,h15_a-kh_kor_160111,he02,he02
soep-core,soep-core-2015-hh,26,he03,h15_a-kh_kor_160111,he03,he03
soep-core,soep-core-2015-hh,27,,h15_a-kh_kor_160111,hsolst,hsolt
soep-core,soep-core-2015-hh,28,hsolt1,h15_a-kh_kor_160111,hsolst1,hsolt1
soep-core,soep-core-2015-hh,28,hsolt2,h15_a-kh_kor_160111,hsolst2,hsolt2
soep-core,soep-core-2015-hh,29,hsolt3,h15_a-kh_kor_160111,hsolst3,hsolt3
soep-core,soep-core-2015-hh,29,hsolt4,h15_a-kh_kor_160111,hsolst4,hsolt4
soep-core,soep-core-2015-hh,3,humz01,h15_a-kh_kor_160111,humz01,humz01
soep-core,soep-core-2015-hh,3,humz02,h15_a-kh_kor_160111,humz02,humz02
soep-core,soep-core-2015-hh,3,humz03,h15_a-kh_kor_160111,humz03,humz03
soep-core,soep-core-2015-hh,3,humz04,h15_a-kh_kor_160111,humz04,humz04
soep-core,soep-core-2015-hh,3,humz05,h15_a-kh_kor_160111,humz05,humz05
soep-core,soep-core-2015-hh,3,humz06,h15_a-kh_kor_160111,humz06,humz06
soep-core,soep-core-2015-hh,3,humz07,h15_a-kh_kor_160111,humz07,humz07
soep-core,soep-core-2015-hh,3,humz08,h15_a-kh_kor_160111,humz08,humz08
soep-core,soep-core-2015-hh,3,humz09,h15_a-kh_kor_160111,humz09,humz09
soep-core,soep-core-2015-hh,3,humz10,h15_a-kh_kor_160111,humz10,humz10
soep-core,soep-core-2015-hh,3,humz11,h15_a-kh_kor_160111,humz11,humz11
soep-core,soep-core-2015-hh,3,humz12,h15_a-kh_kor_160111,humz12,humz12
soep-core,soep-core-2015-hh,3,humz13,h15_a-kh_kor_160111,humz13,humz13
soep-core,soep-core-2015-hh,3,humz14,h15_a-kh_kor_160111,humz14,humz14
soep-core,soep-core-2015-hh,3,humz15,h15_a-kh_kor_160111,humz15,humz15
soep-core,soep-core-2015-hh,3,humz16,h15_a-kh_kor_160111,humz16,humz16
soep-core,soep-core-2015-hh,3,humz17,h15_a-kh_kor_160111,humz17,humz17
soep-core,soep-core-2015-hh,3,humz18,h15_a-kh_kor_160111,humz18,humz18
soep-core,soep-core-2015-hh,3,humz19,h15_a-kh_kor_160111,humz19,humz19
soep-core,soep-core-2015-hh,3,humzso,h15_a-kh_kor_160111,humzso,humzso
soep-core,soep-core-2015-hh,30,,h15_a-kh_kor_160111,hsolw,hsolw
soep-core,soep-core-2015-hh,31,hsolw1,h15_a-kh_kor_160111,hsolw1,hsolw1
soep-core,soep-core-2015-hh,31,hsolw2,h15_a-kh_kor_160111,hsolw2,hsolw2
soep-core,soep-core-2015-hh,32,,h15_a-kh_kor_160111,hm02,hm02
soep-core,soep-core-2015-hh,33,,h15_a-kh_kor_160111,hm13,hm13
soep-core,soep-core-2015-hh,34,hm04,h15_a-kh_kor_160111,hm04,hm04
soep-core,soep-core-2015-hh,34,hm05,h15_a-kh_kor_160111,hm05,hm05
soep-core,soep-core-2015-hh,35,hbioheiz,h15_a-kh_kor_160111,hbioheiz,hbioheiz
soep-core,soep-core-2015-hh,35,hbioj,h15_a-kh_kor_160111,hbioj,hbioj
soep-core,soep-core-2015-hh,35,hbiom,h15_a-kh_kor_160111,hbiom,hbiom
soep-core,soep-core-2015-hh,35,hbioww,h15_a-kh_kor_160111,hbioww,hbioww
soep-core,soep-core-2015-hh,35,herdheiz,h15_a-kh_kor_160111,herdheiz,herdheiz
soep-core,soep-core-2015-hh,35,herdww,h15_a-kh_kor_160111,herdww,herdww
soep-core,soep-core-2015-hh,35,hfgheiz,h15_a-kh_kor_160111,hfgheiz,hfgheiz
soep-core,soep-core-2015-hh,35,hfgj,h15_a-kh_kor_160111,hfgj,hfgj
soep-core,soep-core-2015-hh,35,hfgkoch,h15_a-kh_kor_160111,hfgkoch,hfgkoch
soep-core,soep-core-2015-hh,35,hfgm,h15_a-kh_kor_160111,hfgm,hfgm
soep-core,soep-core-2015-hh,35,hfgww,h15_a-kh_kor_160111,hfgww,hfgww
soep-core,soep-core-2015-hh,35,hfwheiz,h15_a-kh_kor_160111,hfwheiz,hfwheiz
soep-core,soep-core-2015-hh,35,hfwj,h15_a-kh_kor_160111,hfwj,hfwj
soep-core,soep-core-2015-hh,35,hfwm,h15_a-kh_kor_160111,hfwm,hfwm
soep-core,soep-core-2015-hh,35,hfwww,h15_a-kh_kor_160111,hfwww,hfwww
soep-core,soep-core-2015-hh,35,hgasheiz,h15_a-kh_kor_160111,hgasheiz,hgasheiz
soep-core,soep-core-2015-hh,35,hgasj,h15_a-kh_kor_160111,hgasj,hgasj
soep-core,soep-core-2015-hh,35,hgaskoch,h15_a-kh_kor_160111,hgaskoch,hgaskoch
soep-core,soep-core-2015-hh,35,hgasm,h15_a-kh_kor_160111,hgasm,hgasm
soep-core,soep-core-2015-hh,35,hgasww,h15_a-kh_kor_160111,hgasww,hgasww
soep-core,soep-core-2015-hh,35,hholheiz,h15_a-kh_kor_160111,hholheiz,hholheiz
soep-core,soep-core-2015-hh,35,hholj,h15_a-kh_kor_160111,hholj,hholj
soep-core,soep-core-2015-hh,35,hholkoch,h15_a-kh_kor_160111,hholkoch,hholkoch
soep-core,soep-core-2015-hh,35,hholm,h15_a-kh_kor_160111,hholm,hholm
soep-core,soep-core-2015-hh,35,hholww,h15_a-kh_kor_160111,hholww,hholww
soep-core,soep-core-2015-hh,35,hkohheiz,h15_a-kh_kor_160111,hkohheiz,hkohheiz
soep-core,soep-core-2015-hh,35,hkohj,h15_a-kh_kor_160111,hkohj,hkohj
soep-core,soep-core-2015-hh,35,hkohkoch,h15_a-kh_kor_160111,hkohkoch,hkohkoch
soep-core,soep-core-2015-hh,35,hkohm,h15_a-kh_kor_160111,hkohm,hkohm
soep-core,soep-core-2015-hh,35,hkohww,h15_a-kh_kor_160111,hkohww,hkohww
soep-core,soep-core-2015-hh,35,hoelheiz,h15_a-kh_kor_160111,hoelheiz,hoelheiz
soep-core,soep-core-2015-hh,35,hoelj,h15_a-kh_kor_160111,hoelj,hoelj
soep-core,soep-core-2015-hh,35,hoelkoch,h15_a-kh_kor_160111,hoelkoch,hoelkoch
soep-core,soep-core-2015-hh,35,hoelm,h15_a-kh_kor_160111,hoelm,hoelm
soep-core,soep-core-2015-hh,35,hoelww,h15_a-kh_kor_160111,hoelww,hoelww
soep-core,soep-core-2015-hh,35,hsolheiz,h15_a-kh_kor_160111,hsolheiz,hsolheiz
soep-core,soep-core-2015-hh,35,hsolww,h15_a-kh_kor_160111,hsolww,hsolww
soep-core,soep-core-2015-hh,35,hstrheiz,h15_a-kh_kor_160111,hstrheiz,hstrheiz
soep-core,soep-core-2015-hh,35,hstrj,h15_a-kh_kor_160111,hstrj,hstrj
soep-core,soep-core-2015-hh,35,hstrkoch,h15_a-kh_kor_160111,hstrkoch,hstrkoch
soep-core,soep-core-2015-hh,35,hstrlich,h15_a-kh_kor_160111,hstrlich,hstrlich
soep-core,soep-core-2015-hh,35,hstrm,h15_a-kh_kor_160111,hstrm,hstrm
soep-core,soep-core-2015-hh,35,hstrww,h15_a-kh_kor_160111,hstrww,hstrww
soep-core,soep-core-2015-hh,36,,h15_a-kh_kor_160111,hnebk,hnebk
soep-core,soep-core-2015-hh,36,hnebkj,h15_a-kh_kor_160111,hnebkj,hnebkj
soep-core,soep-core-2015-hh,36,hnebkm,h15_a-kh_kor_160111,hnebkm,hnebkm
soep-core,soep-core-2015-hh,37,,h15_a-kh_kor_160111,hverm1,hverm1
soep-core,soep-core-2015-hh,38,hverm2,h15_a-kh_kor_160111,hverm2,hverm2
soep-core,soep-core-2015-hh,39,hverm3,h15_a-kh_kor_160111,hverm3,hverm3
soep-core,soep-core-2015-hh,39,hverm4,h15_a-kh_kor_160111,hverm4,hverm4
soep-core,soep-core-2015-hh,4,hwohn01,h15_a-kh_kor_160111,hwohn01,hwohn01
soep-core,soep-core-2015-hh,4,hwohn02,h15_a-kh_kor_160111,hwohn02,hwohn02
soep-core,soep-core-2015-hh,4,hwohn03,h15_a-kh_kor_160111,hwohn03,hwohn03
soep-core,soep-core-2015-hh,4,hwohn04,h15_a-kh_kor_160111,hwohn04,hwohn04
soep-core,soep-core-2015-hh,4,hwohn05,h15_a-kh_kor_160111,hwohn05,hwohn05
soep-core,soep-core-2015-hh,4,hwohn06,h15_a-kh_kor_160111,hwohn06,hwohn06
soep-core,soep-core-2015-hh,4,hwohn07,h15_a-kh_kor_160111,hwohn07,hwohn07
soep-core,soep-core-2015-hh,4,hwohn25,h15_a-kh_kor_160111,hwohn25,hwohn25
soep-core,soep-core-2015-hh,40,,h15_a-kh_kor_160111,hverm5,hverm5
soep-core,soep-core-2015-hh,40,hverm6,h15_a-kh_kor_160111,hverm6,hverm6
soep-core,soep-core-2015-hh,41,,h15_a-kh_kor_160111,hkred1,hkred1
soep-core,soep-core-2015-hh,42,hkred2,h15_a-kh_kor_160111,hkred2,hkred2
soep-core,soep-core-2015-hh,43,,h15_a-kh_kor_160111,hkred3,hkred3
soep-core,soep-core-2015-hh,44,hwa1,h15_a-kh_kor_160111,hwa1,hwa1
soep-core,soep-core-2015-hh,44,hwa2,h15_a-kh_kor_160111,hwa2,hwa2
soep-core,soep-core-2015-hh,44,hwa3,h15_a-kh_kor_160111,hwa3,hwa3
soep-core,soep-core-2015-hh,44,hwa4,h15_a-kh_kor_160111,hwa4,hwa4
soep-core,soep-core-2015-hh,44,hwa5,h15_a-kh_kor_160111,hwa5,hwa5
soep-core,soep-core-2015-hh,44,hwa6,h15_a-kh_kor_160111,hwa6,hwa6
soep-core,soep-core-2015-hh,44,hwa7,h15_a-kh_kor_160111,hwa7,hwa7
soep-core,soep-core-2015-hh,44,hwa8,h15_a-kh_kor_160111,hwa8,hwa8
soep-core,soep-core-2015-hh,44,hwa9,h15_a-kh_kor_160111,hwa9,hwa9
soep-core,soep-core-2015-hh,45,hzins1,h15_a-kh_kor_160111,hzins1,hzins1
soep-core,soep-core-2015-hh,45,hzins2,h15_a-kh_kor_160111,hzins2,hzins2
soep-core,soep-core-2015-hh,46,,h15_a-kh_kor_160111,hlos1,hlos1
soep-core,soep-core-2015-hh,46,hlos2,h15_a-kh_kor_160111,hlos2,hlos2
soep-core,soep-core-2015-hh,46,hlos3,h15_a-kh_kor_160111,hlos3,hlos3
soep-core,soep-core-2015-hh,46,hlos4,h15_a-kh_kor_160111,hlos4,hlos4
soep-core,soep-core-2015-hh,47,hlos5,h15_a-kh_kor_160111,hlos5,hlos5
soep-core,soep-core-2015-hh,48,hdag1,h15_a-kh_kor_160111,hdag1,hdag1
soep-core,soep-core-2015-hh,48,hdag2,h15_a-kh_kor_160111,hdag2,hdag2
soep-core,soep-core-2015-hh,48,hdbg1,h15_a-kh_kor_160111,hdbg1,hdbg1
soep-core,soep-core-2015-hh,48,hdbg2,h15_a-kh_kor_160111,hdbg2,hdbg2
soep-core,soep-core-2015-hh,48,hdgs1,h15_a-kh_kor_160111,hdgs1,hdgs1
soep-core,soep-core-2015-hh,48,hdgs2,h15_a-kh_kor_160111,hdgs2,hdgs2
soep-core,soep-core-2015-hh,48,hdkg1,h15_a-kh_kor_160111,hdkg1,hdkg1
soep-core,soep-core-2015-hh,48,hdkg2,h15_a-kh_kor_160111,hdkg2,hdkg2
soep-core,soep-core-2015-hh,48,hdkg3,h15_a-kh_kor_160111,hdkg3,hdkg3
soep-core,soep-core-2015-hh,48,hdkz1,h15_a-kh_kor_160111,hdkz1,hdkz1
soep-core,soep-core-2015-hh,48,hdkz2,h15_a-kh_kor_160111,hdkz2,hdkz2
soep-core,soep-core-2015-hh,48,hdpg1,h15_a-kh_kor_160111,hdpg1,hdpg1
soep-core,soep-core-2015-hh,48,hdpg2,h15_a-kh_kor_160111,hdpg2,hdpg2
soep-core,soep-core-2015-hh,48,hdsh1,h15_a-kh_kor_160111,hdsh1,hdsh1
soep-core,soep-core-2015-hh,48,hdsh2,h15_a-kh_kor_160111,hdsh2,hdsh2
soep-core,soep-core-2015-hh,48,hdwg1,h15_a-kh_kor_160111,hdwg1,hdwg1
soep-core,soep-core-2015-hh,48,hdwg2,h15_a-kh_kor_160111,hdwg2,hdwg2
soep-core,soep-core-2015-hh,48,hlag1,h15_a-kh_kor_160111,hlag1,hlag1
soep-core,soep-core-2015-hh,48,hlag2,h15_a-kh_kor_160111,hlag2,hlag2
soep-core,soep-core-2015-hh,48,hlag3,h15_a-kh_kor_160111,hlag3,hlag3
soep-core,soep-core-2015-hh,48,hlbg1,h15_a-kh_kor_160111,hlbg1,hlbg1
soep-core,soep-core-2015-hh,48,hlbg2,h15_a-kh_kor_160111,hlbg2,hlbg2
soep-core,soep-core-2015-hh,48,hlbg3,h15_a-kh_kor_160111,hlbg3,hlbg3
soep-core,soep-core-2015-hh,48,hlgs1,h15_a-kh_kor_160111,hlgs1,hlgs1
soep-core,soep-core-2015-hh,48,hlgs2,h15_a-kh_kor_160111,hlgs2,hlgs2
soep-core,soep-core-2015-hh,48,hlgs3,h15_a-kh_kor_160111,hlgs3,hlgs3
soep-core,soep-core-2015-hh,48,hlkg1,h15_a-kh_kor_160111,hlkg1,hlkg1
soep-core,soep-core-2015-hh,48,hlkg2,h15_a-kh_kor_160111,hlkg2,hlkg2
soep-core,soep-core-2015-hh,48,hlkg3,h15_a-kh_kor_160111,hlkg3,hlkg3
soep-core,soep-core-2015-hh,48,hlkz1,h15_a-kh_kor_160111,hlkz1,hlkz1
soep-core,soep-core-2015-hh,48,hlkz2,h15_a-kh_kor_160111,hlkz2,hlkz2
soep-core,soep-core-2015-hh,48,hlkz3,h15_a-kh_kor_160111,hlkz3,hlkz3
soep-core,soep-core-2015-hh,48,hlpg1,h15_a-kh_kor_160111,hlpg1,hlpg1
soep-core,soep-core-2015-hh,48,hlpg2,h15_a-kh_kor_160111,hlpg2,hlpg2
soep-core,soep-core-2015-hh,48,hlpg3,h15_a-kh_kor_160111,hlpg3,hlpg3
soep-core,soep-core-2015-hh,48,hlsh1,h15_a-kh_kor_160111,hlsh1,hlsh1
soep-core,soep-core-2015-hh,48,hlsh2,h15_a-kh_kor_160111,hlsh2,hlsh2
soep-core,soep-core-2015-hh,48,hlsh3,h15_a-kh_kor_160111,hlsh3,hlsh3
soep-core,soep-core-2015-hh,48,hlwg1,h15_a-kh_kor_160111,hlwg1,hlwg1
soep-core,soep-core-2015-hh,48,hlwg2,h15_a-kh_kor_160111,hlwg2,hlwg2
soep-core,soep-core-2015-hh,48,hlwg3,h15_a-kh_kor_160111,hlwg3,hlwg3
soep-core,soep-core-2015-hh,49,hnetto,h15_a-kh_kor_160111,hnetto,hnetto
soep-core,soep-core-2015-hh,5,,h15_a-kh_kor_160111,hwohn08,hwohn08
soep-core,soep-core-2015-hh,50,hspar1,h15_a-kh_kor_160111,hspar1,hspar1
soep-core,soep-core-2015-hh,50,hspar1a,h15_a-kh_kor_160111,hspar1a,hspar1a
soep-core,soep-core-2015-hh,50,hspar1b,h15_a-kh_kor_160111,hspar1b,hspar1b
soep-core,soep-core-2015-hh,50,hspar2a,h15_a-kh_kor_160111,hspar2a,hspar2a
soep-core,soep-core-2015-hh,50,hspar2b,h15_a-kh_kor_160111,hspar2b,hspar2b
soep-core,soep-core-2015-hh,51,,h15_a-kh_kor_160111,hzahl,hzahl
soep-core,soep-core-2015-hh,52,hh01,h15_a-kh_kor_160111,hh01,hh01
soep-core,soep-core-2015-hh,52,hh01a,h15_a-kh_kor_160111,hh01a,hh01a
soep-core,soep-core-2015-hh,52,hh04,h15_a-kh_kor_160111,hh04,hh04
soep-core,soep-core-2015-hh,52,hh04a,h15_a-kh_kor_160111,hh04a,hh04a
soep-core,soep-core-2015-hh,52,hh05,h15_a-kh_kor_160111,hh05,hh05
soep-core,soep-core-2015-hh,52,hh05a,h15_a-kh_kor_160111,hh05a,hh05a
soep-core,soep-core-2015-hh,52,hh06,h15_a-kh_kor_160111,hh06,hh06
soep-core,soep-core-2015-hh,52,hh06a,h15_a-kh_kor_160111,hh06a,hh06a
soep-core,soep-core-2015-hh,52,hh07,h15_a-kh_kor_160111,hh07,hh07
soep-core,soep-core-2015-hh,52,hh07a,h15_a-kh_kor_160111,hh07a,hh07a
soep-core,soep-core-2015-hh,52,hh08,h15_a-kh_kor_160111,hh08,hh08
soep-core,soep-core-2015-hh,52,hh08a,h15_a-kh_kor_160111,hh08a,hh08a
soep-core,soep-core-2015-hh,52,hh09,h15_a-kh_kor_160111,hh09,hh09
soep-core,soep-core-2015-hh,52,hh09a,h15_a-kh_kor_160111,hh09a,hh09a
soep-core,soep-core-2015-hh,52,hh10,h15_a-kh_kor_160111,hh10,hh10
soep-core,soep-core-2015-hh,52,hh10a,h15_a-kh_kor_160111,hh10a,hh10a
soep-core,soep-core-2015-hh,52,hh11,h15_a-kh_kor_160111,hh11,hh11
soep-core,soep-core-2015-hh,52,hh11a,h15_a-kh_kor_160111,hh11a,hh11a
soep-core,soep-core-2015-hh,52,hh12,h15_a-kh_kor_160111,hh12,hh12
soep-core,soep-core-2015-hh,52,hh12a,h15_a-kh_kor_160111,hh12a,hh12a
soep-core,soep-core-2015-hh,52,hh12b,h15_a-kh_kor_160111,hh12b,hh12b
soep-core,soep-core-2015-hh,52,hh13,h15_a-kh_kor_160111,hh13,hh13
soep-core,soep-core-2015-hh,52,hh13a,h15_a-kh_kor_160111,hh13a,hh13a
soep-core,soep-core-2015-hh,52,hh13b,h15_a-kh_kor_160111,hh13b,hh13b
soep-core,soep-core-2015-hh,53,hkfz,h15_a-kh_kor_160111,hkfz,hkfz
soep-core,soep-core-2015-hh,53,hkfzn,h15_a-kh_kor_160111,hkfzn,hkfzn
soep-core,soep-core-2015-hh,54,hkfz1,h15_a-kh_kor_160111,hkfz1,hkfz1
soep-core,soep-core-2015-hh,54,hkfz2,h15_a-kh_kor_160111,hkfz2,hkfz2
soep-core,soep-core-2015-hh,54,hkfz3,h15_a-kh_kor_160111,hkfz3,hkfz3
soep-core,soep-core-2015-hh,54,hkfz4,h15_a-kh_kor_160111,hkfz4,hkfz4
soep-core,soep-core-2015-hh,55,hkrst11,h15_a-kh_kor_160111,hkrst11,hkrst11
soep-core,soep-core-2015-hh,55,hkrst12,h15_a-kh_kor_160111,hkrst12,hkrst12
soep-core,soep-core-2015-hh,55,hkrst13,h15_a-kh_kor_160111,hkrst13,hkrst13
soep-core,soep-core-2015-hh,55,hkrst14,h15_a-kh_kor_160111,hkrst14,hkrst14
soep-core,soep-core-2015-hh,55,hkrst15,h15_a-kh_kor_160111,hkrst15,hkrst15
soep-core,soep-core-2015-hh,55,hkrst16,h15_a-kh_kor_160111,hkrst16,hkrst16
soep-core,soep-core-2015-hh,55,hkrst17,h15_a-kh_kor_160111,hkrst17,hkrst17
soep-core,soep-core-2015-hh,55,hkrst1j,h15_a-kh_kor_160111,hkrst1j,hkrst1j
soep-core,soep-core-2015-hh,55,hkrst1m,h15_a-kh_kor_160111,hkrst1m,hkrst1m
soep-core,soep-core-2015-hh,55,hkrst21,h15_a-kh_kor_160111,hkrst21,hkrst21
soep-core,soep-core-2015-hh,55,hkrst22,h15_a-kh_kor_160111,hkrst22,hkrst22
soep-core,soep-core-2015-hh,55,hkrst23,h15_a-kh_kor_160111,hkrst23,hkrst23
soep-core,soep-core-2015-hh,55,hkrst24,h15_a-kh_kor_160111,hkrst24,hkrst24
soep-core,soep-core-2015-hh,55,hkrst25,h15_a-kh_kor_160111,hkrst25,hkrst25
soep-core,soep-core-2015-hh,55,hkrst26,h15_a-kh_kor_160111,hkrst26,hkrst26
soep-core,soep-core-2015-hh,55,hkrst27,h15_a-kh_kor_160111,hkrst27,hkrst27
soep-core,soep-core-2015-hh,55,hkrst2j,h15_a-kh_kor_160111,hkrst2j,hkrst2j
soep-core,soep-core-2015-hh,55,hkrst2m,h15_a-kh_kor_160111,hkrst2m,hkrst2m
soep-core,soep-core-2015-hh,55,hkrst31,h15_a-kh_kor_160111,hkrst31,hkrst31
soep-core,soep-core-2015-hh,55,hkrst32,h15_a-kh_kor_160111,hkrst32,hkrst32
soep-core,soep-core-2015-hh,55,hkrst33,h15_a-kh_kor_160111,hkrst33,hkrst33
soep-core,soep-core-2015-hh,55,hkrst34,h15_a-kh_kor_160111,hkrst34,hkrst34
soep-core,soep-core-2015-hh,55,hkrst35,h15_a-kh_kor_160111,hkrst35,hkrst35
soep-core,soep-core-2015-hh,55,hkrst36,h15_a-kh_kor_160111,hkrst36,hkrst36
soep-core,soep-core-2015-hh,55,hkrst37,h15_a-kh_kor_160111,hkrst37,hkrst37
soep-core,soep-core-2015-hh,55,hkrst3j,h15_a-kh_kor_160111,hkrst3j,hkrst3j
soep-core,soep-core-2015-hh,55,hkrst3m,h15_a-kh_kor_160111,hkrst3m,hkrst3m
soep-core,soep-core-2015-hh,55,hkrst41,h15_a-kh_kor_160111,hkrst41,hkrst41
soep-core,soep-core-2015-hh,55,hkrst42,h15_a-kh_kor_160111,hkrst42,hkrst42
soep-core,soep-core-2015-hh,55,hkrst43,h15_a-kh_kor_160111,hkrst43,hkrst43
soep-core,soep-core-2015-hh,55,hkrst44,h15_a-kh_kor_160111,hkrst44,hkrst44
soep-core,soep-core-2015-hh,55,hkrst45,h15_a-kh_kor_160111,hkrst45,hkrst45
soep-core,soep-core-2015-hh,55,hkrst46,h15_a-kh_kor_160111,hkrst46,hkrst46
soep-core,soep-core-2015-hh,55,hkrst47,h15_a-kh_kor_160111,hkrst47,hkrst47
soep-core,soep-core-2015-hh,55,hkrst4j,h15_a-kh_kor_160111,hkrst4j,hkrst4j
soep-core,soep-core-2015-hh,55,hkrst4m,h15_a-kh_kor_160111,hkrst4m,hkrst4m
soep-core,soep-core-2015-hh,55,hkrst5j,h15_a-kh_kor_160111,hkrst5j,hkrst5j
soep-core,soep-core-2015-hh,55,hkrst5m,h15_a-kh_kor_160111,hkrst5m,hkrst5m
soep-core,soep-core-2015-hh,55,hkrst6j,h15_a-kh_kor_160111,hkrst6j,hkrst6j
soep-core,soep-core-2015-hh,55,hkrst6m,h15_a-kh_kor_160111,hkrst6m,hkrst6m
soep-core,soep-core-2015-hh,55,hkrst7j,h15_a-kh_kor_160111,hkrst7j,hkrst7j
soep-core,soep-core-2015-hh,55,hkrst7m,h15_a-kh_kor_160111,hkrst7m,hkrst7m
soep-core,soep-core-2015-hh,56,,h15_a-kh_kor_160111,hbike,hbike
soep-core,soep-core-2015-hh,57,hbikeanz,h15_a-kh_kor_160111,hbikeanz,hbikeanz
soep-core,soep-core-2015-hh,58,,h15_a-kh_kor_160111,hoekst,hoekst
soep-core,soep-core-2015-hh,59,,h15_a-kh_kor_160111,hoekstj,hoekstj
soep-core,soep-core-2015-hh,6,,h15_a-kh_kor_160111,hhtyp,hhtyp
soep-core,soep-core-2015-hh,60,,h15_a-kh_kor_160111,hstrw1,hstrw1
soep-core,soep-core-2015-hh,61,,h15_a-kh_kor_160111,hstrw2,hstrw2
soep-core,soep-core-2015-hh,61,hstrwanz,h15_a-kh_kor_160111,hstrwanz,hstrwanz
soep-core,soep-core-2015-hh,61,hstrwj,h15_a-kh_kor_160111,hstrwj,hstrwj
soep-core,soep-core-2015-hh,62,,h15_a-kh_kor_160111,hpfleg,hpfleg
soep-core,soep-core-2015-hh,63,hhil1,h15_a-kh_kor_160111,hhil1,hhil1
soep-core,soep-core-2015-hh,63,hhil2,h15_a-kh_kor_160111,hhil2,hhil2
soep-core,soep-core-2015-hh,63,hhil3,h15_a-kh_kor_160111,hhil3,hhil3
soep-core,soep-core-2015-hh,63,hhil4,h15_a-kh_kor_160111,hhil4,hhil4
soep-core,soep-core-2015-hh,63,hpnam,h15_a-kh_kor_160111,hpnr,hpnam
soep-core,soep-core-2015-hh,63,hpnam,h15_a-kh_kor_160111,hpnam,hpnam
soep-core,soep-core-2015-hh,64,,h15_a-kh_kor_160111,hpl,hpl
soep-core,soep-core-2015-hh,64,hpstuf,h15_a-kh_kor_160111,hpstuf,hpstuf
soep-core,soep-core-2015-hh,65,,h15_a-kh_kor_160111,hpallko,hpallko
soep-core,soep-core-2015-hh,66,hhbez,h15_a-kh_kor_160111,hhbez,hhbez
soep-core,soep-core-2015-hh,66,hhnam,h15_a-kh_kor_160111,hhnam,hhnam
soep-core,soep-core-2015-hh,66,hhnam,h15_a-kh_kor_160111,hhnr,hhnam
soep-core,soep-core-2015-hh,66,hhvon1,h15_a-kh_kor_160111,hhvon1,hhvon1
soep-core,soep-core-2015-hh,66,hhvon3,h15_a-kh_kor_160111,hhvon3,hhvon3
soep-core,soep-core-2015-hh,66,hhvon6,h15_a-kh_kor_160111,hhvon6,hhvon6
soep-core,soep-core-2015-hh,66,hhvon7,h15_a-kh_kor_160111,hhvon7,hhvon7
soep-core,soep-core-2015-hh,66,hhvon8,h15_a-kh_kor_160111,hhvon8,hhvon8
soep-core,soep-core-2015-hh,66,hhvon9,h15_a-kh_kor_160111,hhvon9,hhvon9
soep-core,soep-core-2015-hh,67,,h15_a-kh_kor_160111,hpfleg2,hpfleg2
soep-core,soep-core-2015-hh,67,hpfleg3,h15_a-kh_kor_160111,hpfleg3,hpfleg3
soep-core,soep-core-2015-hh,68,,h15_a-kh_kor_160111,hpfleg4,hpfleg4
soep-core,soep-core-2015-hh,68,hpfleg5,h15_a-kh_kor_160111,hpfleg5,hpfleg5
soep-core,soep-core-2015-hh,69,,h15_a-kh_kor_160111,hputz,hputz
soep-core,soep-core-2015-hh,69,hputz2,h15_a-kh_kor_160111,hputz2,hputz2
soep-core,soep-core-2015-hh,7,,h15_a-kh_kor_160111,hwohn09,hwohn9
soep-core,soep-core-2015-hh,7,howhn09a,h15_a-kh_kor_160111,hwohn09a,howhn09a
soep-core,soep-core-2015-hh,70,,h15_a-kh_kor_160111,hkind,hkind
soep-core,soep-core-2015-hh,71,hkgeba,h15_a-kh_kor_160111,hkgebb,hkgeba
soep-core,soep-core-2015-hh,71,hkgeba,h15_a-kh_kor_160111,hkgebf,hkgeba
soep-core,soep-core-2015-hh,71,hkgeba,h15_a-kh_kor_160111,hkgebc,hkgeba
soep-core,soep-core-2015-hh,71,hkgeba,h15_a-kh_kor_160111,hkgeba,hkgeba
soep-core,soep-core-2015-hh,71,hkgeba,h15_a-kh_kor_160111,hkgebd,hkgeba
soep-core,soep-core-2015-hh,71,hkgeba,h15_a-kh_kor_160111,hkgebe,hkgeba
soep-core,soep-core-2015-hh,71,hknama,h15_a-kh_kor_160111,hknrb,hknama
soep-core,soep-core-2015-hh,71,hknama,h15_a-kh_kor_160111,hknrf,hknama
soep-core,soep-core-2015-hh,71,hknama,h15_a-kh_kor_160111,hknamd,hknama
soep-core,soep-core-2015-hh,71,hknama,h15_a-kh_kor_160111,hknrd,hknama
soep-core,soep-core-2015-hh,71,hknama,h15_a-kh_kor_160111,hknamf,hknama
soep-core,soep-core-2015-hh,71,hknama,h15_a-kh_kor_160111,hknrc,hknama
soep-core,soep-core-2015-hh,71,hknama,h15_a-kh_kor_160111,hknamfa,hknama
soep-core,soep-core-2015-hh,71,hknama,h15_a-kh_kor_160111,hknra,hknama
soep-core,soep-core-2015-hh,71,hknama,h15_a-kh_kor_160111,hknamb,hknama
soep-core,soep-core-2015-hh,71,hknama,h15_a-kh_kor_160111,hknre,hknama
soep-core,soep-core-2015-hh,71,hknama,h15_a-kh_kor_160111,hknamba,hknama
soep-core,soep-core-2015-hh,71,hknama,h15_a-kh_kor_160111,hkname,hknama
soep-core,soep-core-2015-hh,71,hknama,h15_a-kh_kor_160111,hknamda,hknama
soep-core,soep-core-2015-hh,71,hknama,h15_a-kh_kor_160111,hknamc,hknama
soep-core,soep-core-2015-hh,71,hknama,h15_a-kh_kor_160111,hknama,hknama
soep-core,soep-core-2015-hh,71,hknama,h15_a-kh_kor_160111,hknamca,hknama
soep-core,soep-core-2015-hh,71,hknama,h15_a-kh_kor_160111,hknamaa,hknama
soep-core,soep-core-2015-hh,71,hknama,h15_a-kh_kor_160111,hknamea,hknama
soep-core,soep-core-2015-hh,72,hein3a,h15_a-kh_kor_160111,hein3d,hein3a
soep-core,soep-core-2015-hh,72,hein3a,h15_a-kh_kor_160111,hein3c,hein3a
soep-core,soep-core-2015-hh,72,hein3a,h15_a-kh_kor_160111,hein3b,hein3a
soep-core,soep-core-2015-hh,72,hein3a,h15_a-kh_kor_160111,hein3a,hein3a
soep-core,soep-core-2015-hh,72,hein3a,h15_a-kh_kor_160111,hein3f,hein3a
soep-core,soep-core-2015-hh,72,hein3a,h15_a-kh_kor_160111,hein3e,hein3a
soep-core,soep-core-2015-hh,72,hein4a,h15_a-kh_kor_160111,hein4d,hein4a
soep-core,soep-core-2015-hh,72,hein4a,h15_a-kh_kor_160111,hein4c,hein4a
soep-core,soep-core-2015-hh,72,hein4a,h15_a-kh_kor_160111,hein4f,hein4a
soep-core,soep-core-2015-hh,72,hein4a,h15_a-kh_kor_160111,hein4b,hein4a
soep-core,soep-core-2015-hh,72,hein4a,h15_a-kh_kor_160111,hein4a,hein4a
soep-core,soep-core-2015-hh,72,hein4a,h15_a-kh_kor_160111,hein4e,hein4a
soep-core,soep-core-2015-hh,73,,h15_a-kh_kor_160111,hein9b,hein9a
soep-core,soep-core-2015-hh,73,,h15_a-kh_kor_160111,hein9c,hein9a
soep-core,soep-core-2015-hh,73,,h15_a-kh_kor_160111,hein9a,hein9a
soep-core,soep-core-2015-hh,73,,h15_a-kh_kor_160111,hein9e,hein9a
soep-core,soep-core-2015-hh,73,,h15_a-kh_kor_160111,hein9d,hein9a
soep-core,soep-core-2015-hh,73,,h15_a-kh_kor_160111,hein9f,hein9a
soep-core,soep-core-2015-hh,74,,h15_a-kh_kor_160111,hein7c,hein7a
soep-core,soep-core-2015-hh,74,,h15_a-kh_kor_160111,hein7d,hein7a
soep-core,soep-core-2015-hh,74,,h15_a-kh_kor_160111,hein7e,hein7a
soep-core,soep-core-2015-hh,74,,h15_a-kh_kor_160111,hein7b,hein7a
soep-core,soep-core-2015-hh,74,,h15_a-kh_kor_160111,hein7f,hein7a
soep-core,soep-core-2015-hh,74,,h15_a-kh_kor_160111,hein7a,hein7a
soep-core,soep-core-2015-hh,75,,h15_a-kh_kor_160111,heinsb,heinsa
soep-core,soep-core-2015-hh,75,,h15_a-kh_kor_160111,heinse,heinsa
soep-core,soep-core-2015-hh,75,,h15_a-kh_kor_160111,heinsc,heinsa
soep-core,soep-core-2015-hh,75,,h15_a-kh_kor_160111,heinsd,heinsa
soep-core,soep-core-2015-hh,75,,h15_a-kh_kor_160111,heinsa,heinsa
soep-core,soep-core-2015-hh,75,,h15_a-kh_kor_160111,heinsf,heinsa
soep-core,soep-core-2015-hh,76,hein8a,h15_a-kh_kor_160111,hein8a,hein8a
soep-core,soep-core-2015-hh,76,hein8a,h15_a-kh_kor_160111,hein8d,hein8a
soep-core,soep-core-2015-hh,76,hein8a,h15_a-kh_kor_160111,hein8c,hein8a
soep-core,soep-core-2015-hh,76,hein8a,h15_a-kh_kor_160111,hein8b,hein8a
soep-core,soep-core-2015-hh,76,hein8a,h15_a-kh_kor_160111,hein8e,hein8a
soep-core,soep-core-2015-hh,76,hein8a,h15_a-kh_kor_160111,hein8f,hein8a
soep-core,soep-core-2015-hh,76,hein8a1,h15_a-kh_kor_160111,hein8c1,hein8a1
soep-core,soep-core-2015-hh,76,hein8a1,h15_a-kh_kor_160111,hein8b1,hein8a1
soep-core,soep-core-2015-hh,76,hein8a1,h15_a-kh_kor_160111,hein8e1,hein8a1
soep-core,soep-core-2015-hh,76,hein8a1,h15_a-kh_kor_160111,hein8a1,hein8a1
soep-core,soep-core-2015-hh,76,hein8a1,h15_a-kh_kor_160111,hein8d1,hein8a1
soep-core,soep-core-2015-hh,76,hein8a1,h15_a-kh_kor_160111,hein8f1,hein8a1
soep-core,soep-core-2015-hh,77,hein1a,h15_a-kh_kor_160111,hein1e,hein1a
soep-core,soep-core-2015-hh,77,hein1a,h15_a-kh_kor_160111,hein1c,hein1a
soep-core,soep-core-2015-hh,77,hein1a,h15_a-kh_kor_160111,hein1b,hein1a
soep-core,soep-core-2015-hh,77,hein1a,h15_a-kh_kor_160111,hein1f,hein1a
soep-core,soep-core-2015-hh,77,hein1a,h15_a-kh_kor_160111,hein1d,hein1a
soep-core,soep-core-2015-hh,77,hein1a,h15_a-kh_kor_160111,hein1a,hein1a
soep-core,soep-core-2015-hh,77,hein1sa,h15_a-kh_kor_160111,hein1se,hein1sa
soep-core,soep-core-2015-hh,77,hein1sa,h15_a-kh_kor_160111,hein1sf,hein1sa
soep-core,soep-core-2015-hh,77,hein1sa,h15_a-kh_kor_160111,hein1sb,hein1sa
soep-core,soep-core-2015-hh,77,hein1sa,h15_a-kh_kor_160111,hein1sd,hein1sa
soep-core,soep-core-2015-hh,77,hein1sa,h15_a-kh_kor_160111,hein1sa,hein1sa
soep-core,soep-core-2015-hh,77,hein1sa,h15_a-kh_kor_160111,hein1sc,hein1sa
soep-core,soep-core-2015-hh,78,,h15_a-kh_kor_160111,hei12e,hei12a
soep-core,soep-core-2015-hh,78,,h15_a-kh_kor_160111,hei12f,hei12a
soep-core,soep-core-2015-hh,78,,h15_a-kh_kor_160111,hei12b,hei12a
soep-core,soep-core-2015-hh,78,,h15_a-kh_kor_160111,hei12c,hei12a
soep-core,soep-core-2015-hh,78,,h15_a-kh_kor_160111,hei12a,hei12a
soep-core,soep-core-2015-hh,78,,h15_a-kh_kor_160111,hei12d,hei12a
soep-core,soep-core-2015-hh,79,,h15_a-kh_kor_160111,heinkb,heinka
soep-core,soep-core-2015-hh,79,,h15_a-kh_kor_160111,heinkf,heinka
soep-core,soep-core-2015-hh,79,,h15_a-kh_kor_160111,heinke,heinka
soep-core,soep-core-2015-hh,79,,h15_a-kh_kor_160111,heinka,heinka
soep-core,soep-core-2015-hh,79,,h15_a-kh_kor_160111,heinkc,heinka
soep-core,soep-core-2015-hh,79,,h15_a-kh_kor_160111,heinkd,heinka
soep-core,soep-core-2015-hh,8,,h15_a-kh_kor_160111,hheim,hheim
soep-core,soep-core-2015-hh,8,hheimso,h15_a-kh_kor_160111,hheimso,hheimso
soep-core,soep-core-2015-hh,80,hei13a1,h15_a-kh_kor_160111,hei13e1,hei13a1
soep-core,soep-core-2015-hh,80,hei13a1,h15_a-kh_kor_160111,hei13d1,hei13a1
soep-core,soep-core-2015-hh,80,hei13a1,h15_a-kh_kor_160111,hei13f1,hei13a1
soep-core,soep-core-2015-hh,80,hei13a1,h15_a-kh_kor_160111,hei13c1,hei13a1
soep-core,soep-core-2015-hh,80,hei13a1,h15_a-kh_kor_160111,hei13a1,hei13a1
soep-core,soep-core-2015-hh,80,hei13a1,h15_a-kh_kor_160111,hei13b1,hei13a1
soep-core,soep-core-2015-hh,80,hei13a2,h15_a-kh_kor_160111,hei13a2,hei13a2
soep-core,soep-core-2015-hh,80,hei13a2,h15_a-kh_kor_160111,hei13d2,hei13a2
soep-core,soep-core-2015-hh,80,hei13a2,h15_a-kh_kor_160111,hei13f2,hei13a2
soep-core,soep-core-2015-hh,80,hei13a2,h15_a-kh_kor_160111,hei13e2,hei13a2
soep-core,soep-core-2015-hh,80,hei13a2,h15_a-kh_kor_160111,hei13c2,hei13a2
soep-core,soep-core-2015-hh,80,hei13a2,h15_a-kh_kor_160111,hei13b2,hei13a2
soep-core,soep-core-2015-hh,81,,h15_a-kh_kor_160111,heinkja,heinkja
soep-core,soep-core-2015-hh,81,,h15_a-kh_kor_160111,heinkjf,heinkja
soep-core,soep-core-2015-hh,81,,h15_a-kh_kor_160111,heinkjd,heinkja
soep-core,soep-core-2015-hh,81,,h15_a-kh_kor_160111,heinkjb,heinkja
soep-core,soep-core-2015-hh,81,,h15_a-kh_kor_160111,heinkje,heinkja
soep-core,soep-core-2015-hh,81,,h15_a-kh_kor_160111,heinkjc,heinkja
soep-core,soep-core-2015-hh,82,hbet1a,h15_a-kh_kor_160111,hbet1f,hbet1a
soep-core,soep-core-2015-hh,82,hbet1a,h15_a-kh_kor_160111,hbet1a,hbet1a
soep-core,soep-core-2015-hh,82,hbet1a,h15_a-kh_kor_160111,hbet1c,hbet1a
soep-core,soep-core-2015-hh,82,hbet1a,h15_a-kh_kor_160111,hbet1d,hbet1a
soep-core,soep-core-2015-hh,82,hbet1a,h15_a-kh_kor_160111,hbet1b,hbet1a
soep-core,soep-core-2015-hh,82,hbet1a,h15_a-kh_kor_160111,hbet1e,hbet1a
soep-core,soep-core-2015-hh,82,hbet2a,h15_a-kh_kor_160111,hbet2d,hbet2a
soep-core,soep-core-2015-hh,82,hbet2a,h15_a-kh_kor_160111,hbet2c,hbet2a
soep-core,soep-core-2015-hh,82,hbet2a,h15_a-kh_kor_160111,hbet2a,hbet2a
soep-core,soep-core-2015-hh,82,hbet2a,h15_a-kh_kor_160111,hbet2b,hbet2a
soep-core,soep-core-2015-hh,82,hbet2a,h15_a-kh_kor_160111,hbet2e,hbet2a
soep-core,soep-core-2015-hh,82,hbet2a,h15_a-kh_kor_160111,hbet2f,hbet2a
soep-core,soep-core-2015-hh,82,hbet3a,h15_a-kh_kor_160111,hbet3a,hbet3a
soep-core,soep-core-2015-hh,82,hbet3a,h15_a-kh_kor_160111,hbet3c,hbet3a
soep-core,soep-core-2015-hh,82,hbet3a,h15_a-kh_kor_160111,hbet3f,hbet3a
soep-core,soep-core-2015-hh,82,hbet3a,h15_a-kh_kor_160111,hbet3e,hbet3a
soep-core,soep-core-2015-hh,82,hbet3a,h15_a-kh_kor_160111,hbet3b,hbet3a
soep-core,soep-core-2015-hh,82,hbet3a,h15_a-kh_kor_160111,hbet3d,hbet3a
soep-core,soep-core-2015-hh,82,hbet4a,h15_a-kh_kor_160111,hbet4d,hbet4a
soep-core,soep-core-2015-hh,82,hbet4a,h15_a-kh_kor_160111,hbet4f,hbet4a
soep-core,soep-core-2015-hh,82,hbet4a,h15_a-kh_kor_160111,hbet4c,hbet4a
soep-core,soep-core-2015-hh,82,hbet4a,h15_a-kh_kor_160111,hbet4a,hbet4a
soep-core,soep-core-2015-hh,82,hbet4a,h15_a-kh_kor_160111,hbet4b,hbet4a
soep-core,soep-core-2015-hh,82,hbet4a,h15_a-kh_kor_160111,hbet4e,hbet4a
soep-core,soep-core-2015-hh,82,hbet5a,h15_a-kh_kor_160111,hbet5a,hbet5a
soep-core,soep-core-2015-hh,82,hbet5a,h15_a-kh_kor_160111,hbet5e,hbet5a
soep-core,soep-core-2015-hh,82,hbet5a,h15_a-kh_kor_160111,hbet5b,hbet5a
soep-core,soep-core-2015-hh,82,hbet5a,h15_a-kh_kor_160111,hbet5d,hbet5a
soep-core,soep-core-2015-hh,82,hbet5a,h15_a-kh_kor_160111,hbet5f,hbet5a
soep-core,soep-core-2015-hh,82,hbet5a,h15_a-kh_kor_160111,hbet5c,hbet5a
soep-core,soep-core-2015-hh,83,hbet6a,h15_a-kh_kor_160111,hbet6f,hbet6a
soep-core,soep-core-2015-hh,83,hbet6a,h15_a-kh_kor_160111,hbet6c,hbet6a
soep-core,soep-core-2015-hh,83,hbet6a,h15_a-kh_kor_160111,hbet6a,hbet6a
soep-core,soep-core-2015-hh,83,hbet6a,h15_a-kh_kor_160111,hbet6e,hbet6a
soep-core,soep-core-2015-hh,83,hbet6a,h15_a-kh_kor_160111,hbet6b,hbet6a
soep-core,soep-core-2015-hh,83,hbet6a,h15_a-kh_kor_160111,hbet6d,hbet6a
soep-core,soep-core-2015-hh,83,hbet7a,h15_a-kh_kor_160111,hbet7f,hbet7a
soep-core,soep-core-2015-hh,83,hbet7a,h15_a-kh_kor_160111,hbet7e,hbet7a
soep-core,soep-core-2015-hh,83,hbet7a,h15_a-kh_kor_160111,hbet7c,hbet7a
soep-core,soep-core-2015-hh,83,hbet7a,h15_a-kh_kor_160111,hbet7d,hbet7a
soep-core,soep-core-2015-hh,83,hbet7a,h15_a-kh_kor_160111,hbet7b,hbet7a
soep-core,soep-core-2015-hh,83,hbet7a,h15_a-kh_kor_160111,hbet7a,hbet7a
soep-core,soep-core-2015-hh,84,hdatm,h15_a-kh_kor_160111,hdatm,hdatm
soep-core,soep-core-2015-hh,84,hdatt,h15_a-kh_kor_160111,hdatt,hdatt
soep-core,soep-core-2015-hh,84,hdauer1,h15_a-kh_kor_160111,hdauer1,hdauer1
soep-core,soep-core-2015-hh,84,hdauer2,h15_a-kh_kor_160111,hdauer2,hdauer2
soep-core,soep-core-2015-hh,84,hform,h15_a-kh_kor_160111,hform,hform
soep-core,soep-core-2015-hh,84,hintnr,h15_a-kh_kor_160111,hintnr,hintnr
soep-core,soep-core-2015-hh,9,,h15_a-kh_kor_160111,hm03,hm03
soep-core,soep-core-2015-ll,0,hnr,l15_a-kh,hnr,hnr
soep-core,soep-core-2015-ll,0,name,l15_a-kh,name,name
soep-core,soep-core-2015-ll,0,pnr,l15_a-kh,pnr,pnr
soep-core,soep-core-2015-ll,1,lgeb,l15_a-kh,lgeb,lgeb
soep-core,soep-core-2015-ll,1,lgebmo,l15_a-kh,lgebmo,lgebmo
soep-core,soep-core-2015-ll,10,lzugunt1,l15_a-kh,lzugunt1,lzugunt1
soep-core,soep-core-2015-ll,10,lzugunt2,l15_a-kh,lzugunt2,lzugunt2
soep-core,soep-core-2015-ll,10,lzugunt3,l15_a-kh,lzugunt3,lzugunt3
soep-core,soep-core-2015-ll,11,lmusp2,l15_a-kh,lmusp2,lmusp2
soep-core,soep-core-2015-ll,11,lmusp3,l15_a-kh,lmusp3,lmusp3
soep-core,soep-core-2015-ll,11,lmusp6,l15_a-kh,lmusp6,lmusp6
soep-core,soep-core-2015-ll,11,lspzug1,l15_a-kh,lspzug1,lspzug1
soep-core,soep-core-2015-ll,11,lspzug2,l15_a-kh,lspzug2,lspzug2
soep-core,soep-core-2015-ll,11,lspzug3,l15_a-kh,lspzug3,lspzug3
soep-core,soep-core-2015-ll,12,lspkurs1,l15_a-kh,lspkurs1,lspkurs1
soep-core,soep-core-2015-ll,12,lspkurs2,l15_a-kh,lspkurs2,lspkurs2
soep-core,soep-core-2015-ll,12,lspkurs3,l15_a-kh,lspkurs3,lspkurs3
soep-core,soep-core-2015-ll,13,l1erw1,l15_a-kh,l1erw1,l1erw1
soep-core,soep-core-2015-ll,13,l1erw2,l15_a-kh,l1erw2,l1erw2
soep-core,soep-core-2015-ll,14,,l15_a-kh,lsta3,lsta3
soep-core,soep-core-2015-ll,15,,l15_a-kh,lsta4,lsta4
soep-core,soep-core-2015-ll,15,lsta4x,l15_a-kh,lsta4x,lsta4x
soep-core,soep-core-2015-ll,15,lsta4x,l15_a-kh,lsta4nr,lsta4x
soep-core,soep-core-2015-ll,16,,l15_a-kh,lsta5,lsta5
soep-core,soep-core-2015-ll,17,,l15_a-kh,lsta5x,lsta5x
soep-core,soep-core-2015-ll,17,,l15_a-kh,lsta5nr,lsta5x
soep-core,soep-core-2015-ll,18,lsta6,l15_a-kh,lsta6,lsta6
soep-core,soep-core-2015-ll,19,,l15_a-kh,lnat,lnat
soep-core,soep-core-2015-ll,19,,l15_a-kh,lnatnr,lnat
soep-core,soep-core-2015-ll,2,lgebort1,l15_a-kh,lgebort1,lgebort1
soep-core,soep-core-2015-ll,2,lgebort2,l15_a-kh,lgebort2,lgebort2
soep-core,soep-core-2015-ll,20,,l15_a-kh,lwied,lwied
soep-core,soep-core-2015-ll,21,lwohnj,l15_a-kh,lwohnj,lwohnj
soep-core,soep-core-2015-ll,22,l2wohn3,l15_a-kh,l2wohn3,l2wohn3
soep-core,soep-core-2015-ll,22,l2wohna,l15_a-kh,l2wohna,l2wohna
soep-core,soep-core-2015-ll,22,l2wohnb,l15_a-kh,l2wohnb,l2wohnb
soep-core,soep-core-2015-ll,22,l2wohnc,l15_a-kh,l2wohnc,l2wohnc
soep-core,soep-core-2015-ll,23,,l15_a-kh,lkh01,lkh01
soep-core,soep-core-2015-ll,24,,l15_a-kh,lkh02,lkh02
soep-core,soep-core-2015-ll,25,lkh03,l15_a-kh,lkh03,lkh03
soep-core,soep-core-2015-ll,25,lkh04,l15_a-kh,lkh04,lkh04
soep-core,soep-core-2015-ll,25,lkh05,l15_a-kh,lkh05,lkh05
soep-core,soep-core-2015-ll,25,lkh06,l15_a-kh,lkh06,lkh06
soep-core,soep-core-2015-ll,25,lkh07,l15_a-kh,lkh07,lkh07
soep-core,soep-core-2015-ll,25,lkh08,l15_a-kh,lkh08,lkh08
soep-core,soep-core-2015-ll,25,lkh09,l15_a-kh,lkh09,lkh09
soep-core,soep-core-2015-ll,25,lkh10,l15_a-kh,lkh10,lkh10
soep-core,soep-core-2015-ll,26,,l15_a-kh,lvm,lvm
soep-core,soep-core-2015-ll,27,lm01,l15_a-kh,lm01,lm01
soep-core,soep-core-2015-ll,27,lm02,l15_a-kh,lm02,lm02
soep-core,soep-core-2015-ll,27,lv01,l15_a-kh,lv01,lv01
soep-core,soep-core-2015-ll,27,lv02,l15_a-kh,lv02,lv02
soep-core,soep-core-2015-ll,28,lm03,l15_a-kh,lm03,lm03
soep-core,soep-core-2015-ll,28,lv03,l15_a-kh,lv03,lv03
soep-core,soep-core-2015-ll,29,lm03a,l15_a-kh,lm03a,lm03a
soep-core,soep-core-2015-ll,29,lm03b,l15_a-kh,lm03b,lm03b
soep-core,soep-core-2015-ll,29,lm03b,l15_a-kh,lm03bnr,lm03b
soep-core,soep-core-2015-ll,29,lv03a,l15_a-kh,lv03a,lv03a
soep-core,soep-core-2015-ll,29,lv03b,l15_a-kh,lv03b,lv03b
soep-core,soep-core-2015-ll,29,lv03b,l15_a-kh,lv03bnr,lv03b
soep-core,soep-core-2015-ll,3,,l15_a-kh,lgebd,lgebd
soep-core,soep-core-2015-ll,3,lgebal,l15_a-kh,lgebnr,lgebal
soep-core,soep-core-2015-ll,3,lgebal,l15_a-kh,lgebal,lgebal
soep-core,soep-core-2015-ll,30,lm04,l15_a-kh,lm04,lm04
soep-core,soep-core-2015-ll,30,lv04,l15_a-kh,lv04,lv04
soep-core,soep-core-2015-ll,31,lm05,l15_a-kh,lm05,lm05
soep-core,soep-core-2015-ll,31,lv05,l15_a-kh,lv05,lv05
soep-core,soep-core-2015-ll,32,lm06,l15_a-kh,lm06,lm06
soep-core,soep-core-2015-ll,32,lv06,l15_a-kh,lv06,lv06
soep-core,soep-core-2015-ll,33,lm07,l15_a-kh,lm07,lm07
soep-core,soep-core-2015-ll,33,lv07,l15_a-kh,lv07,lv07
soep-core,soep-core-2015-ll,34,lm08,l15_a-kh,lm08,lm08
soep-core,soep-core-2015-ll,34,lm09,l15_a-kh,lm09,lm09
soep-core,soep-core-2015-ll,34,lm10,l15_a-kh,lm10,lm10
soep-core,soep-core-2015-ll,34,lm11,l15_a-kh,lm11,lm11
soep-core,soep-core-2015-ll,34,lm12,l15_a-kh,lm12,lm12
soep-core,soep-core-2015-ll,34,lv08,l15_a-kh,lv08,lv08
soep-core,soep-core-2015-ll,34,lv09,l15_a-kh,lv09,lv09
soep-core,soep-core-2015-ll,34,lv10,l15_a-kh,lv10,lv10
soep-core,soep-core-2015-ll,34,lv11,l15_a-kh,lv11,lv11
soep-core,soep-core-2015-ll,34,lv12,l15_a-kh,lv12,lv12
soep-core,soep-core-2015-ll,35,lm13,l15_a-kh,lm13,lm13
soep-core,soep-core-2015-ll,35,lv13,l15_a-kh,lv13,lv13
soep-core,soep-core-2015-ll,36,lkein,l15_a-kh,lkein,lkein
soep-core,soep-core-2015-ll,37,lkeinj,l15_a-kh,lkeinj,lkeinj
soep-core,soep-core-2015-ll,37,lkeinka,l15_a-kh,lkeinka,lkeinka
soep-core,soep-core-2015-ll,38,lleist,l15_a-kh,lleist,lleist
soep-core,soep-core-2015-ll,39,lsch1,l15_a-kh,lsch1,lsch1
soep-core,soep-core-2015-ll,39,lsch2,l15_a-kh,lsch2,lsch2
soep-core,soep-core-2015-ll,39,lsch3,l15_a-kh,lsch3,lsch3
soep-core,soep-core-2015-ll,4,,l15_a-kh,lflucht,lflucht
soep-core,soep-core-2015-ll,40,lstrm,l15_a-kh,lstrm,lstrm
soep-core,soep-core-2015-ll,40,lstrv,l15_a-kh,lstrv,lstrv
soep-core,soep-core-2015-ll,41,,l15_a-kh,lmusi,lmusi
soep-core,soep-core-2015-ll,42,,l15_a-kh,lsp1,lsp1
soep-core,soep-core-2015-ll,43,lsp2,l15_a-kh,lspcode,lsp2
soep-core,soep-core-2015-ll,43,lsp2,l15_a-kh,lsp2,lsp2
soep-core,soep-core-2015-ll,44,,l15_a-kh,lsp3,lsp3
soep-core,soep-core-2015-ll,45,lj01,l15_a-kh,lj01,lj01
soep-core,soep-core-2015-ll,45,lj02,l15_a-kh,lj02,lj02
soep-core,soep-core-2015-ll,45,lj03,l15_a-kh,lj03,lj03
soep-core,soep-core-2015-ll,45,lj04,l15_a-kh,lj04,lj04
soep-core,soep-core-2015-ll,45,lj05,l15_a-kh,lj05,lj05
soep-core,soep-core-2015-ll,45,lj06,l15_a-kh,lj06,lj06
soep-core,soep-core-2015-ll,45,lj07,l15_a-kh,lj07,lj07
soep-core,soep-core-2015-ll,45,lj08,l15_a-kh,lj08,lj08
soep-core,soep-core-2015-ll,45,lj09,l15_a-kh,lj09,lj09
soep-core,soep-core-2015-ll,45,lj10,l15_a-kh,lj10,lj10
soep-core,soep-core-2015-ll,45,lj11,l15_a-kh,lj11,lj11
soep-core,soep-core-2015-ll,45,lkal1,l15_a-kh,lkal1,lkal1
soep-core,soep-core-2015-ll,45,lkal2,l15_a-kh,lkal2,lkal2
soep-core,soep-core-2015-ll,45,lkal3,l15_a-kh,lkal3,lkal3
soep-core,soep-core-2015-ll,45,lkal4,l15_a-kh,lkal4,lkal4
soep-core,soep-core-2015-ll,45,lkal5,l15_a-kh,lkal5,lkal5
soep-core,soep-core-2015-ll,45,lkal6,l15_a-kh,lkal6,lkal6
soep-core,soep-core-2015-ll,45,lkal7,l15_a-kh,lkal7,lkal7
soep-core,soep-core-2015-ll,45,lkal8,l15_a-kh,lkal8,lkal8
soep-core,soep-core-2015-ll,45,lkal9,l15_a-kh,lkal9,lkal9
soep-core,soep-core-2015-ll,46,lsab1,l15_a-kh,lsab1,lsab1
soep-core,soep-core-2015-ll,46,lsab2,l15_a-kh,lsab2,lsab2
soep-core,soep-core-2015-ll,47,,l15_a-kh,lsab3,lsab3
soep-core,soep-core-2015-ll,48,lsab4,l15_a-kh,lsab4,lsab4
soep-core,soep-core-2015-ll,49,,l15_a-kh,lsab5,lsab5
soep-core,soep-core-2015-ll,5,lzug01,l15_a-kh,lzug01,lzug01
soep-core,soep-core-2015-ll,50,,l15_a-kh,lsab6,lsab6
soep-core,soep-core-2015-ll,50,,l15_a-kh,lbund,lsab6
soep-core,soep-core-2015-ll,51,,l15_a-kh,lsab7,lsab7
soep-core,soep-core-2015-ll,51,lsab8,l15_a-kh,lsab8,lsab8
soep-core,soep-core-2015-ll,51,lsab9,l15_a-kh,lsab9,lsab9
soep-core,soep-core-2015-ll,52,,l15_a-kh,lsab10,lsab10
soep-core,soep-core-2015-ll,53,,l15_a-kh,lsab11,lsab11
soep-core,soep-core-2015-ll,54,,l15_a-kh,lsab12,lsab12
soep-core,soep-core-2015-ll,55,,l15_a-kh,lab01,lab01
soep-core,soep-core-2015-ll,56,lab02,l15_a-kh,lab02,lab02
soep-core,soep-core-2015-ll,56,lab02j,l15_a-kh,lab02j,lab02j
soep-core,soep-core-2015-ll,56,lab02x,l15_a-kh,lab02x,lab02x
soep-core,soep-core-2015-ll,56,lab03,l15_a-kh,lab03,lab03
soep-core,soep-core-2015-ll,56,lab03j,l15_a-kh,lab03j,lab03j
soep-core,soep-core-2015-ll,56,lab03x,l15_a-kh,lab03x,lab03x
soep-core,soep-core-2015-ll,56,lab04,l15_a-kh,lab04,lab04
soep-core,soep-core-2015-ll,56,lab04j,l15_a-kh,lab04j,lab04j
soep-core,soep-core-2015-ll,56,lab04x,l15_a-kh,lab04x,lab04x
soep-core,soep-core-2015-ll,56,lab05,l15_a-kh,lab05,lab05
soep-core,soep-core-2015-ll,56,lab05j,l15_a-kh,lab05j,lab05j
soep-core,soep-core-2015-ll,56,lab05x1,l15_a-kh,lab05x1,lab05x1
soep-core,soep-core-2015-ll,56,lab05x2,l15_a-kh,lab05x2,lab05x2
soep-core,soep-core-2015-ll,56,lab06,l15_a-kh,lab06,lab06
soep-core,soep-core-2015-ll,56,lab06j,l15_a-kh,lab06j,lab06j
soep-core,soep-core-2015-ll,56,lab06x1,l15_a-kh,lab06x1,lab06x1
soep-core,soep-core-2015-ll,56,lab06x2,l15_a-kh,lab06x2,lab06x2
soep-core,soep-core-2015-ll,56,lab07,l15_a-kh,lab07,lab07
soep-core,soep-core-2015-ll,56,lab07j,l15_a-kh,lab07j,lab07j
soep-core,soep-core-2015-ll,56,lab07x1,l15_a-kh,lab07x1,lab07x1
soep-core,soep-core-2015-ll,56,lab07x2,l15_a-kh,lab07x2,lab07x2
soep-core,soep-core-2015-ll,56,lab08,l15_a-kh,lab08,lab08
soep-core,soep-core-2015-ll,56,lab08j,l15_a-kh,lab08j,lab08j
soep-core,soep-core-2015-ll,56,lab08x,l15_a-kh,lab08x,lab08x
soep-core,soep-core-2015-ll,56,lab40,l15_a-kh,lab40,lab40
soep-core,soep-core-2015-ll,56,lab40j,l15_a-kh,lab40j,lab40j
soep-core,soep-core-2015-ll,56,lab40x1,l15_a-kh,lab40x1,lab40x1
soep-core,soep-core-2015-ll,56,lab40x2,l15_a-kh,lab40x2,lab40x2
soep-core,soep-core-2015-ll,57,,l15_a-kh,lab10,lab10
soep-core,soep-core-2015-ll,58,lab11,l15_a-kh,lab11,lab11
soep-core,soep-core-2015-ll,58,lab12,l15_a-kh,lab12,lab12
soep-core,soep-core-2015-ll,58,lab13,l15_a-kh,lab13,lab13
soep-core,soep-core-2015-ll,58,lab14,l15_a-kh,lab14,lab14
soep-core,soep-core-2015-ll,58,lab15,l15_a-kh,lab15,lab15
soep-core,soep-core-2015-ll,59,lab16,l15_a-kh,lab16,lab16
soep-core,soep-core-2015-ll,6,,l15_a-kh,lzug02,lzug02
soep-core,soep-core-2015-ll,60,,l15_a-kh,lab17,lab17
soep-core,soep-core-2015-ll,61,,l15_a-kh,laner,laner
soep-core,soep-core-2015-ll,61,lanerab,l15_a-kh,lanerab,lanerab
soep-core,soep-core-2015-ll,61,lanerj,l15_a-kh,lanerj,lanerj
soep-core,soep-core-2015-ll,61,lanerm,l15_a-kh,lanerm,lanerm
soep-core,soep-core-2015-ll,61,lanerno,l15_a-kh,lanerno,lanerno
soep-core,soep-core-2015-ll,62,,l15_a-kh,lab19,lab19
soep-core,soep-core-2015-ll,62,lab20,l15_a-kh,lab20,lab20
soep-core,soep-core-2015-ll,62,lab21,l15_a-kh,lab21,lab21
soep-core,soep-core-2015-ll,62,lab22,l15_a-kh,lab22,lab22
soep-core,soep-core-2015-ll,62,lab23,l15_a-kh,lab23,lab23
soep-core,soep-core-2015-ll,62,lab24,l15_a-kh,lab24,lab24
soep-core,soep-core-2015-ll,62,lab25,l15_a-kh,lab25,lab25
soep-core,soep-core-2015-ll,62,lab26,l15_a-kh,lab26,lab26
soep-core,soep-core-2015-ll,63,l1erw,l15_a-kh,l1erw,l1erw
soep-core,soep-core-2015-ll,63,l1no,l15_a-kh,l1no,l1no
soep-core,soep-core-2015-ll,64,,l15_a-kh,l1erwt,l1erwt
soep-core,soep-core-2015-ll,65,,l15_a-kh,l1erwst,l1erwst
soep-core,soep-core-2015-ll,66,,l15_a-kh,l1erwag,l1erwag
soep-core,soep-core-2015-ll,67,l1amt,l15_a-kh,l1amt,l1amt
soep-core,soep-core-2015-ll,67,l1ang,l15_a-kh,l1ang,l1ang
soep-core,soep-core-2015-ll,67,l1arb,l15_a-kh,l1arb,l1arb
soep-core,soep-core-2015-ll,67,l1sst1,l15_a-kh,l1sst1,l1sst1
soep-core,soep-core-2015-ll,67,l1sst2,l15_a-kh,l1sst2,l1sst2
soep-core,soep-core-2015-ll,67,l1sst3,l15_a-kh,l1sst3,l1sst3
soep-core,soep-core-2015-ll,67,l1sst4,l15_a-kh,l1sst4,l1sst4
soep-core,soep-core-2015-ll,68,,l15_a-kh,l1ber,l1ber
soep-core,soep-core-2015-ll,69,,l15_a-kh,l1aus,l1aus
soep-core,soep-core-2015-ll,6a,,l15_a-kh,lzugarb,lzugarb
soep-core,soep-core-2015-ll,7,,l15_a-kh,lstat,lstat
soep-core,soep-core-2015-ll,70,,l15_a-kh,l1oed,l1oed
soep-core,soep-core-2015-ll,71,,l15_a-kh,l1bra,l1bra
soep-core,soep-core-2015-ll,72,,l15_a-kh,lwexl1,lwexl1
soep-core,soep-core-2015-ll,72,lwexl2,l15_a-kh,lwexl2,lwexl2
soep-core,soep-core-2015-ll,73,,l15_a-kh,lerw,lerw
soep-core,soep-core-2015-ll,74,lend,l15_a-kh,lend,lend
soep-core,soep-core-2015-ll,75,,l15_a-kh,lstd,lstd
soep-core,soep-core-2015-ll,76,,l15_a-kh,loed,loed
soep-core,soep-core-2015-ll,77,,l15_a-kh,lbra,lbra
soep-core,soep-core-2015-ll,78,lamt,l15_a-kh,lamt,lamt
soep-core,soep-core-2015-ll,78,lang,l15_a-kh,lang,lang
soep-core,soep-core-2015-ll,78,larb,l15_a-kh,larb,larb
soep-core,soep-core-2015-ll,78,lazubi,l15_a-kh,lazubi,lazubi
soep-core,soep-core-2015-ll,78,lsst1,l15_a-kh,lsst1,lsst1
soep-core,soep-core-2015-ll,78,lsst2,l15_a-kh,lsst2,lsst2
soep-core,soep-core-2015-ll,78,lsst3,l15_a-kh,lsst3,lsst3
soep-core,soep-core-2015-ll,78,lsst4,l15_a-kh,lsst4,lsst4
soep-core,soep-core-2015-ll,79,lfrei1,l15_a-kh,lfrei1,lfrei1
soep-core,soep-core-2015-ll,79,lfrei1mo,l15_a-kh,lfrei1mo,lfrei1mo
soep-core,soep-core-2015-ll,79,lfrei2,l15_a-kh,lfrei2,lfrei2
soep-core,soep-core-2015-ll,79,lfrei2mo,l15_a-kh,lfrei2mo,lfrei2mo
soep-core,soep-core-2015-ll,79,lfreino,l15_a-kh,lfreino,lfreino
soep-core,soep-core-2015-ll,79,lfsj,l15_a-kh,lfsj,lfsj
soep-core,soep-core-2015-ll,8,,l15_a-kh,lzugw,lzugw
soep-core,soep-core-2015-ll,80,lwehr2,l15_a-kh,lwehr2,lwehr2
soep-core,soep-core-2015-ll,80,lwehr3,l15_a-kh,lwehr3,lwehr3
soep-core,soep-core-2015-ll,81,lbs15j1,l15_a-kh,lbs15j1,lbs15j1
soep-core,soep-core-2015-ll,81,lbs15j1,l15_a-kh,lbs15j3,lbs15j1
soep-core,soep-core-2015-ll,81,lbs15j1,l15_a-kh,lbs15j8,lbs15j1
soep-core,soep-core-2015-ll,81,lbs15j1,l15_a-kh,lbs15j5,lbs15j1
soep-core,soep-core-2015-ll,81,lbs15j1,l15_a-kh,lbs15j4,lbs15j1
soep-core,soep-core-2015-ll,81,lbs15j1,l15_a-kh,lbs15j10,lbs15j1
soep-core,soep-core-2015-ll,81,lbs15j1,l15_a-kh,lbs15j7,lbs15j1
soep-core,soep-core-2015-ll,81,lbs15j1,l15_a-kh,lbs15j2,lbs15j1
soep-core,soep-core-2015-ll,81,lbs15j1,l15_a-kh,lbs15j6,lbs15j1
soep-core,soep-core-2015-ll,81,lbs15j1,l15_a-kh,lbs15j9,lbs15j1
soep-core,soep-core-2015-ll,81,lbs15n1,l15_a-kh,lbs15n2,lbs15n1
soep-core,soep-core-2015-ll,81,lbs15n1,l15_a-kh,lbs15n3,lbs15n1
soep-core,soep-core-2015-ll,81,lbs15n1,l15_a-kh,lbs15n5,lbs15n1
soep-core,soep-core-2015-ll,81,lbs15n1,l15_a-kh,lbs15n6,lbs15n1
soep-core,soep-core-2015-ll,81,lbs15n1,l15_a-kh,lbs15n10,lbs15n1
soep-core,soep-core-2015-ll,81,lbs15n1,l15_a-kh,lbs15n8,lbs15n1
soep-core,soep-core-2015-ll,81,lbs15n1,l15_a-kh,lbs15n1,lbs15n1
soep-core,soep-core-2015-ll,81,lbs15n1,l15_a-kh,lbs15n9,lbs15n1
soep-core,soep-core-2015-ll,81,lbs15n1,l15_a-kh,lbs15n4,lbs15n1
soep-core,soep-core-2015-ll,81,lbs15n1,l15_a-kh,lbs15n7,lbs15n1
soep-core,soep-core-2015-ll,81,lbsanz,l15_a-kh,lbsanz,lbsanz
soep-core,soep-core-2015-ll,81,lbsart1,l15_a-kh,lbsart1,lbsart1
soep-core,soep-core-2015-ll,81,lbsart1,l15_a-kh,lbsart5,lbsart1
soep-core,soep-core-2015-ll,81,lbsart1,l15_a-kh,lbsart3,lbsart1
soep-core,soep-core-2015-ll,81,lbsart1,l15_a-kh,lbsart2,lbsart1
soep-core,soep-core-2015-ll,81,lbsart1,l15_a-kh,lbsart10,lbsart1
soep-core,soep-core-2015-ll,81,lbsart1,l15_a-kh,lbsart8,lbsart1
soep-core,soep-core-2015-ll,81,lbsart1,l15_a-kh,lbsart6,lbsart1
soep-core,soep-core-2015-ll,81,lbsart1,l15_a-kh,lbsart4,lbsart1
soep-core,soep-core-2015-ll,81,lbsart1,l15_a-kh,lbsart7,lbsart1
soep-core,soep-core-2015-ll,81,lbsart1,l15_a-kh,lbsart9,lbsart1
soep-core,soep-core-2015-ll,81,lbsj1,l15_a-kh,lbsj2,lbsj1
soep-core,soep-core-2015-ll,81,lbsj1,l15_a-kh,lbsj8,lbsj1
soep-core,soep-core-2015-ll,81,lbsj1,l15_a-kh,lbsj4,lbsj1
soep-core,soep-core-2015-ll,81,lbsj1,l15_a-kh,lbsj1,lbsj1
soep-core,soep-core-2015-ll,81,lbsj1,l15_a-kh,lbsj10,lbsj1
soep-core,soep-core-2015-ll,81,lbsj1,l15_a-kh,lbsj3,lbsj1
soep-core,soep-core-2015-ll,81,lbsj1,l15_a-kh,lbsj9,lbsj1
soep-core,soep-core-2015-ll,81,lbsj1,l15_a-kh,lbsj6,lbsj1
soep-core,soep-core-2015-ll,81,lbsj1,l15_a-kh,lbsj5,lbsj1
soep-core,soep-core-2015-ll,81,lbsj1,l15_a-kh,lbsj7,lbsj1
soep-core,soep-core-2015-ll,81,lbsmo1,l15_a-kh,lbsmo8,lbsmo1
soep-core,soep-core-2015-ll,81,lbsmo1,l15_a-kh,lbsmo10,lbsmo1
soep-core,soep-core-2015-ll,81,lbsmo1,l15_a-kh,lbsmo2,lbsmo1
soep-core,soep-core-2015-ll,81,lbsmo1,l15_a-kh,lbsmo6,lbsmo1
soep-core,soep-core-2015-ll,81,lbsmo1,l15_a-kh,lbsmo9,lbsmo1
soep-core,soep-core-2015-ll,81,lbsmo1,l15_a-kh,lbsmo1,lbsmo1
soep-core,soep-core-2015-ll,81,lbsmo1,l15_a-kh,lbsmo5,lbsmo1
soep-core,soep-core-2015-ll,81,lbsmo1,l15_a-kh,lbsmo4,lbsmo1
soep-core,soep-core-2015-ll,81,lbsmo1,l15_a-kh,lbsmo3,lbsmo1
soep-core,soep-core-2015-ll,81,lbsmo1,l15_a-kh,lbsmo7,lbsmo1
soep-core,soep-core-2015-ll,81,lbsno,l15_a-kh,lbsno,lbsno
soep-core,soep-core-2015-ll,81,lbssex1,l15_a-kh,lbssex10,lbssex1
soep-core,soep-core-2015-ll,81,lbssex1,l15_a-kh,lbssex2,lbssex1
soep-core,soep-core-2015-ll,81,lbssex1,l15_a-kh,lbssex8,lbssex1
soep-core,soep-core-2015-ll,81,lbssex1,l15_a-kh,lbssex1,lbssex1
soep-core,soep-core-2015-ll,81,lbssex1,l15_a-kh,lbssex6,lbssex1
soep-core,soep-core-2015-ll,81,lbssex1,l15_a-kh,lbssex4,lbssex1
soep-core,soep-core-2015-ll,81,lbssex1,l15_a-kh,lbssex9,lbssex1
soep-core,soep-core-2015-ll,81,lbssex1,l15_a-kh,lbssex5,lbssex1
soep-core,soep-core-2015-ll,81,lbssex1,l15_a-kh,lbssex3,lbssex1
soep-core,soep-core-2015-ll,81,lbssex1,l15_a-kh,lbssex7,lbssex1
soep-core,soep-core-2015-ll,82,lkgeb1,l15_a-kh,lkgeb8,lkgeb1
soep-core,soep-core-2015-ll,82,lkgeb1,l15_a-kh,lkgeb4,lkgeb1
soep-core,soep-core-2015-ll,82,lkgeb1,l15_a-kh,lkgeb7,lkgeb1
soep-core,soep-core-2015-ll,82,lkgeb1,l15_a-kh,lkgeb6,lkgeb1
soep-core,soep-core-2015-ll,82,lkgeb1,l15_a-kh,lkgeb2,lkgeb1
soep-core,soep-core-2015-ll,82,lkgeb1,l15_a-kh,lkgeb1,lkgeb1
soep-core,soep-core-2015-ll,82,lkgeb1,l15_a-kh,lkgeb3,lkgeb1
soep-core,soep-core-2015-ll,82,lkgeb1,l15_a-kh,lkgeb5,lkgeb1
soep-core,soep-core-2015-ll,82,lkind,l15_a-kh,lkind,lkind
soep-core,soep-core-2015-ll,82,lkno,l15_a-kh,lkno,lkno
soep-core,soep-core-2015-ll,82,lksex1,l15_a-kh,lksex4,lksex1
soep-core,soep-core-2015-ll,82,lksex1,l15_a-kh,lksex3,lksex1
soep-core,soep-core-2015-ll,82,lksex1,l15_a-kh,lksex1,lksex1
soep-core,soep-core-2015-ll,82,lksex1,l15_a-kh,lksex8,lksex1
soep-core,soep-core-2015-ll,82,lksex1,l15_a-kh,lksex7,lksex1
soep-core,soep-core-2015-ll,82,lksex1,l15_a-kh,lksex2,lksex1
soep-core,soep-core-2015-ll,82,lksex1,l15_a-kh,lksex5,lksex1
soep-core,soep-core-2015-ll,82,lksex1,l15_a-kh,lksex6,lksex1
soep-core,soep-core-2015-ll,82,lkwo1,l15_a-kh,lkwo5,lkwo1
soep-core,soep-core-2015-ll,82,lkwo1,l15_a-kh,lkwo8,lkwo1
soep-core,soep-core-2015-ll,82,lkwo1,l15_a-kh,lkwo6,lkwo1
soep-core,soep-core-2015-ll,82,lkwo1,l15_a-kh,lkwo2,lkwo1
soep-core,soep-core-2015-ll,82,lkwo1,l15_a-kh,lkwo4,lkwo1
soep-core,soep-core-2015-ll,82,lkwo1,l15_a-kh,lkwo3,lkwo1
soep-core,soep-core-2015-ll,82,lkwo1,l15_a-kh,lkwo1,lkwo1
soep-core,soep-core-2015-ll,82,lkwo1,l15_a-kh,lkwo7,lkwo1
soep-core,soep-core-2015-ll,83,lehe1a,l15_a-kh,lehe1a,lehe1a
soep-core,soep-core-2015-ll,83,lehe1b,l15_a-kh,lehe1b,lehe1b
soep-core,soep-core-2015-ll,83,lehe1c,l15_a-kh,lehe1c,lehe1c
soep-core,soep-core-2015-ll,83,lehe1d,l15_a-kh,lehe1d,lehe1d
soep-core,soep-core-2015-ll,83,lehe2a,l15_a-kh,lehe2a,lehe2a
soep-core,soep-core-2015-ll,83,lehe2b,l15_a-kh,lehe2b,lehe2b
soep-core,soep-core-2015-ll,83,lehe2c,l15_a-kh,lehe2c,lehe2c
soep-core,soep-core-2015-ll,83,lehe2d,l15_a-kh,lehe2d,lehe2d
soep-core,soep-core-2015-ll,83,lehe3a,l15_a-kh,lehe3a,lehe3a
soep-core,soep-core-2015-ll,83,lehe3b,l15_a-kh,lehe3b,lehe3b
soep-core,soep-core-2015-ll,83,lehe3c,l15_a-kh,lehe3c,lehe3c
soep-core,soep-core-2015-ll,83,lehe3d,l15_a-kh,lehe3d,lehe3d
soep-core,soep-core-2015-ll,83,lehea,l15_a-kh,lehea,lehea
soep-core,soep-core-2015-ll,83,leheb,l15_a-kh,leheb,leheb
soep-core,soep-core-2015-ll,83,lehec,l15_a-kh,lehec,lehec
soep-core,soep-core-2015-ll,83,lehed,l15_a-kh,lehed,lehed
soep-core,soep-core-2015-ll,83,lp1a,l15_a-kh,lp1a,lp1a
soep-core,soep-core-2015-ll,83,lp1b,l15_a-kh,lp1b,lp1b
soep-core,soep-core-2015-ll,83,lp1c,l15_a-kh,lp1c,lp1c
soep-core,soep-core-2015-ll,83,lp1d,l15_a-kh,lp1d,lp1d
soep-core,soep-core-2015-ll,83,lp2a,l15_a-kh,lp2a,lp2a
soep-core,soep-core-2015-ll,83,lp2b,l15_a-kh,lp2b,lp2b
soep-core,soep-core-2015-ll,83,lp2c,l15_a-kh,lp2c,lp2c
soep-core,soep-core-2015-ll,83,lp2d,l15_a-kh,lp2d,lp2d
soep-core,soep-core-2015-ll,83,lpend1b,l15_a-kh,lpend1b,lpend1b
soep-core,soep-core-2015-ll,83,lpend1c,l15_a-kh,lpend1c,lpend1c
soep-core,soep-core-2015-ll,83,lpend1d,l15_a-kh,lpend1d,lpend1d
soep-core,soep-core-2015-ll,83,lpend2b,l15_a-kh,lpend2b,lpend2b
soep-core,soep-core-2015-ll,83,lpend2c,l15_a-kh,lpend2c,lpend2c
soep-core,soep-core-2015-ll,83,lpend2d,l15_a-kh,lpend2d,lpend2d
soep-core,soep-core-2015-ll,83,lpja,l15_a-kh,lpja,lpja
soep-core,soep-core-2015-ll,83,lpjb,l15_a-kh,lpjb,lpjb
soep-core,soep-core-2015-ll,83,lpjc,l15_a-kh,lpjc,lpjc
soep-core,soep-core-2015-ll,83,lpjd,l15_a-kh,lpjd,lpjd
soep-core,soep-core-2015-ll,83,lpleb1a,l15_a-kh,lpleb1a,lpleb1a
soep-core,soep-core-2015-ll,83,lpleb1b,l15_a-kh,lpleb1b,lpleb1b
soep-core,soep-core-2015-ll,83,lpleb1c,l15_a-kh,lpleb1c,lpleb1c
soep-core,soep-core-2015-ll,83,lpleb1d,l15_a-kh,lpleb1d,lpleb1d
soep-core,soep-core-2015-ll,83,lpleb3a,l15_a-kh,lpleb3a,lpleb3a
soep-core,soep-core-2015-ll,83,lpleb3b,l15_a-kh,lpleb3b,lpleb3b
soep-core,soep-core-2015-ll,83,lpleb3c,l15_a-kh,lpleb3c,lpleb3c
soep-core,soep-core-2015-ll,83,lpleb3d,l15_a-kh,lpleb3d,lpleb3d
soep-core,soep-core-2015-ll,83,lpleb5a,l15_a-kh,lpleb5a,lpleb5a
soep-core,soep-core-2015-ll,83,lpleb5b,l15_a-kh,lpleb5b,lpleb5b
soep-core,soep-core-2015-ll,83,lpleb5c,l15_a-kh,lpleb5c,lpleb5c
soep-core,soep-core-2015-ll,83,lpleb5d,l15_a-kh,lpleb5d,lpleb5d
soep-core,soep-core-2015-ll,9,,l15_a-kh,lzuggr,lzuggr
soep-core,soep-core-2015-ll,9,lzuggrso,l15_a-kh,lzuggrso,lzuggrso
soep-core,soep-core-2015-ll,A,ldatm,l15_a-kh,ldatm,ldatm
soep-core,soep-core-2015-ll,A,ldatmi,l15_a-kh,ldatmi,ldatmi
soep-core,soep-core-2015-ll,A,ldatst,l15_a-kh,ldatst,ldatst
soep-core,soep-core-2015-ll,A,ldatt,l15_a-kh,ldatt,ldatt
soep-core,soep-core-2015-ll,B,,l15_a-kh,lform,lform
soep-core,soep-core-2015-ll,C,ldauer1,l15_a-kh,ldauer1,ldauer1
soep-core,soep-core-2015-ll,C,ldauer2,l15_a-kh,ldauer2,ldauer2
soep-core,soep-core-2015-ll,D,,l15_a-kh,ltext,ltext
soep-core,soep-core-2015-ll,INT,lintnr,l15_a-kh,lintnr,lintnr
soep-core,soep-core-2016-hh,0,hnr,H16_A-KH,hnr,hnr
soep-core,soep-core-2016-hh,0,name,H16_A-KH,name,name
soep-core,soep-core-2016-hh,0,pnr,H16_A-KH,pnr,pnr
soep-core,soep-core-2016-hh,1,hwsit,H16_A-KH,hwsit,hwsit
soep-core,soep-core-2016-hh,10,hraum,H16_A-KH,hraum,hraum
soep-core,soep-core-2016-hh,11,1,H16_A-KH,hgr,hgr
soep-core,soep-core-2016-hh,12,hwohn15,H16_A-KH,hwohn15,hwohn15
soep-core,soep-core-2016-hh,12,hwohn16,H16_A-KH,hwohn16,hwohn16
soep-core,soep-core-2016-hh,12,hwohn17,H16_A-KH,hwohn17,hwohn17
soep-core,soep-core-2016-hh,12,hwohn18,H16_A-KH,hwohn18,hwohn18
soep-core,soep-core-2016-hh,12,hwohn19,H16_A-KH,hwohn19,hwohn19
soep-core,soep-core-2016-hh,12,hwohn20,H16_A-KH,hwohn20,hwohn20
soep-core,soep-core-2016-hh,12,hwohn21,H16_A-KH,hwohn21,hwohn21
soep-core,soep-core-2016-hh,12,hwohn22,H16_A-KH,hwohn22,hwohn22
soep-core,soep-core-2016-hh,12,hwohn23,H16_A-KH,hwohn23,hwohn23
soep-core,soep-core-2016-hh,12,hwohn24,H16_A-KH,hwohn24,hwohn24
soep-core,soep-core-2016-hh,12,hwohn26,H16_A-KH,hwohn26,hwohn26
soep-core,soep-core-2016-hh,12,hwohn27,H16_A-KH,hwohn27,hwohn27
soep-core,soep-core-2016-hh,12,hwohn28,H16_A-KH,hwohn28,hwohn28
soep-core,soep-core-2016-hh,13,1,H16_A-KH,hew1,hew1
soep-core,soep-core-2016-hh,14,1,H16_A-KH,hew2,hew2
soep-core,soep-core-2016-hh,14,hew3,H16_A-KH,hew3,hew3
soep-core,soep-core-2016-hh,14,hew4,H16_A-KH,hew4,hew4
soep-core,soep-core-2016-hh,15,1,H16_A-KH,hm01,hm01
soep-core,soep-core-2016-hh,16,1,H16_A-KH,he01,he01
soep-core,soep-core-2016-hh,17,he02,H16_A-KH,he02,he02
soep-core,soep-core-2016-hh,18,hepz1,H16_A-KH,hepz1,hepz1
soep-core,soep-core-2016-hh,19,hepz2,H16_A-KH,hepz2,hepz2
soep-core,soep-core-2016-hh,2,hwj,H16_A-KH,hwj,hwj
soep-core,soep-core-2016-hh,2,hwm,H16_A-KH,hwm,hwm
soep-core,soep-core-2016-hh,20,he17,H16_A-KH,he17,he17
soep-core,soep-core-2016-hh,21,he18,H16_A-KH,he18,he18
soep-core,soep-core-2016-hh,22,hegs,H16_A-KH,hegs,hegs
soep-core,soep-core-2016-hh,22,hegsno,H16_A-KH,hegsno,hegsno
soep-core,soep-core-2016-hh,23,he04,H16_A-KH,he04,he04
soep-core,soep-core-2016-hh,23,he04no,H16_A-KH,he04no,he04no
soep-core,soep-core-2016-hh,24,he16,H16_A-KH,he16,he16
soep-core,soep-core-2016-hh,24,he16no,H16_A-KH,he16no,he16no
soep-core,soep-core-2016-hh,25,he05,H16_A-KH,he05,he05
soep-core,soep-core-2016-hh,25,he05no,H16_A-KH,he05no,he05no
soep-core,soep-core-2016-hh,26,hsolst,H16_A-KH,hsolst,hsolst
soep-core,soep-core-2016-hh,27,hsolt3,H16_A-KH,hsolst3,hsolst3
soep-core,soep-core-2016-hh,27,hsolt4,H16_A-KH,hsolst4,hsolst4
soep-core,soep-core-2016-hh,28,1,H16_A-KH,hsolw,hsolw
soep-core,soep-core-2016-hh,29,hsolw1,H16_A-KH,hsolw1,hsolw1
soep-core,soep-core-2016-hh,29,hsolw2,H16_A-KH,hsolw2,hsolw2
soep-core,soep-core-2016-hh,3,hwohn08,H16_A-KH,hwohn08,hwohn08
soep-core,soep-core-2016-hh,30,1,H16_A-KH,htzbel,htzbel
soep-core,soep-core-2016-hh,31,hm03,H16_A-KH,hm03,hm03
soep-core,soep-core-2016-hh,32,1,H16_A-KH,hm02,hm02
soep-core,soep-core-2016-hh,33,hm13,H16_A-KH,hm13,hm13
soep-core,soep-core-2016-hh,34,hm04,H16_A-KH,hm04,hm04
soep-core,soep-core-2016-hh,34,hm05,H16_A-KH,hm05,hm05
soep-core,soep-core-2016-hh,35,hheizink,H16_A-KH,hheizink,hheizink
soep-core,soep-core-2016-hh,36,hm07,H16_A-KH,hm07,hm07
soep-core,soep-core-2016-hh,36,hm08,H16_A-KH,hm08,hm08
soep-core,soep-core-2016-hh,37,hstrink,H16_A-KH,hstrink,hstrink
soep-core,soep-core-2016-hh,38,hm14,H16_A-KH,hm14,hm14
soep-core,soep-core-2016-hh,38,hm15,H16_A-KH,hm15,hm15
soep-core,soep-core-2016-hh,39,hnebink,H16_A-KH,hnebink,hnebink
soep-core,soep-core-2016-hh,4,hhtyp,H16_A-KH,hhtyp,hhtyp
soep-core,soep-core-2016-hh,40,hm10,H16_A-KH,hm10,hm10
soep-core,soep-core-2016-hh,40,hm11,H16_A-KH,hm11,hm11
soep-core,soep-core-2016-hh,41,hwkbel,H16_A-KH,hwkbel,hwkbel
soep-core,soep-core-2016-hh,42,h2wohn1,H16_A-KH,h2wohn1,h2wohn1
soep-core,soep-core-2016-hh,43,h2wplz1,H16_A-KH,h2wplz1,h2wplz1
soep-core,soep-core-2016-hh,43,h2wplz2,H16_A-KH,h2wplz2,h2wplz2
soep-core,soep-core-2016-hh,43,h2wplz3,H16_A-KH,h2wplz3,h2wplz3
soep-core,soep-core-2016-hh,43,h2wplz4,H16_A-KH,h2wplz4,h2wplz4
soep-core,soep-core-2016-hh,44,h2wohn3,H16_A-KH,h2wohn3,h2wohn3
soep-core,soep-core-2016-hh,45,hverm1,H16_A-KH,hverm1,hverm1
soep-core,soep-core-2016-hh,46,hverm2,H16_A-KH,hverm2,hverm2
soep-core,soep-core-2016-hh,47,hverm3a,H16_A-KH,hverm3a,hverm3a
soep-core,soep-core-2016-hh,48,hverm3,H16_A-KH,hverm3,hverm3
soep-core,soep-core-2016-hh,49,hverm4a,H16_A-KH,hverm4a,hverm4a
soep-core,soep-core-2016-hh,50,hverm4,H16_A-KH,hverm4,hverm4
soep-core,soep-core-2016-hh,51,hverm5,H16_A-KH,hverm5,hverm5
soep-core,soep-core-2016-hh,52,hverm6,H16_A-KH,hverm6,hverm6
soep-core,soep-core-2016-hh,53,hkred1,H16_A-KH,hkred1,hkred1
soep-core,soep-core-2016-hh,54,hkred2,H16_A-KH,hkred2,hkred2
soep-core,soep-core-2016-hh,55,hkred3,H16_A-KH,hkred3,hkred3
soep-core,soep-core-2016-hh,56,hvw1,H16_A-KH,hvw1,hvw1
soep-core,soep-core-2016-hh,57,hvw1a,H16_A-KH,hvw1a,hvw1a
soep-core,soep-core-2016-hh,58,hvw2,H16_A-KH,hvw2,hvw2
soep-core,soep-core-2016-hh,59,hvw2a,H16_A-KH,hvw2a,hvw2a
soep-core,soep-core-2016-hh,6,hbauj,H16_A-KH,hbauj,hbauj
soep-core,soep-core-2016-hh,60,hvw3,H16_A-KH,hvw3,hvw3
soep-core,soep-core-2016-hh,61,hvw3a,H16_A-KH,hvw3a,hvw3a
soep-core,soep-core-2016-hh,62,hwa1,H16_A-KH,hwa1,hwa1
soep-core,soep-core-2016-hh,62,hwa2,H16_A-KH,hwa2,hwa2
soep-core,soep-core-2016-hh,62,hwa3,H16_A-KH,hwa3,hwa3
soep-core,soep-core-2016-hh,62,hwa4,H16_A-KH,hwa4,hwa4
soep-core,soep-core-2016-hh,62,hwa5,H16_A-KH,hwa5,hwa5
soep-core,soep-core-2016-hh,62,hwa6,H16_A-KH,hwa6,hwa6
soep-core,soep-core-2016-hh,62,hwa7,H16_A-KH,hwa7,hwa7
soep-core,soep-core-2016-hh,63,hwa8,H16_A-KH,hwa8,hwa8
soep-core,soep-core-2016-hh,63,hwa9,H16_A-KH,hwa9,hwa9
soep-core,soep-core-2016-hh,64,hzins1,H16_A-KH,hzins1,hzins1
soep-core,soep-core-2016-hh,64,hzinswn,H16_A-KH,hzinswn,hzinswn
soep-core,soep-core-2016-hh,65,hzins2,H16_A-KH,hzins2,hzins2
soep-core,soep-core-2016-hh,66,hlag1,H16_A-KH,hlag1,hlag1
soep-core,soep-core-2016-hh,66,hlag2,H16_A-KH,hlag2,hlag2
soep-core,soep-core-2016-hh,66,hlag3,H16_A-KH,hlag3,hlag3
soep-core,soep-core-2016-hh,66,hlbg1,H16_A-KH,hlbg1,hlbg1
soep-core,soep-core-2016-hh,66,hlbg2,H16_A-KH,hlbg2,hlbg2
soep-core,soep-core-2016-hh,66,hlbg3,H16_A-KH,hlbg3,hlbg3
soep-core,soep-core-2016-hh,66,hlgs1,H16_A-KH,hlgs1,hlgs1
soep-core,soep-core-2016-hh,66,hlgs2,H16_A-KH,hlgs2,hlgs2
soep-core,soep-core-2016-hh,66,hlgs3,H16_A-KH,hlgs3,hlgs3
soep-core,soep-core-2016-hh,66,hlkg1,H16_A-KH,hlkg1,hlkg1
soep-core,soep-core-2016-hh,66,hlkg2,H16_A-KH,hlkg2,hlkg2
soep-core,soep-core-2016-hh,66,hlkg3,H16_A-KH,hlkg3,hlkg3
soep-core,soep-core-2016-hh,66,hlkz1,H16_A-KH,hlkz1,hlkz1
soep-core,soep-core-2016-hh,66,hlkz2,H16_A-KH,hlkz2,hlkz2
soep-core,soep-core-2016-hh,66,hlkz3,H16_A-KH,hlkz3,hlkz3
soep-core,soep-core-2016-hh,66,hlpg1,H16_A-KH,hlpg1,hlpg1
soep-core,soep-core-2016-hh,66,hlpg2,H16_A-KH,hlpg2,hlpg2
soep-core,soep-core-2016-hh,66,hlpg3,H16_A-KH,hlpg3,hlpg3
soep-core,soep-core-2016-hh,66,hlsh1,H16_A-KH,hlsh1,hlsh1
soep-core,soep-core-2016-hh,66,hlsh2,H16_A-KH,hlsh2,hlsh2
soep-core,soep-core-2016-hh,66,hlsh3,H16_A-KH,hlsh3,hlsh3
soep-core,soep-core-2016-hh,66,hlwg1,H16_A-KH,hlwg1,hlwg1
soep-core,soep-core-2016-hh,66,hlwg2,H16_A-KH,hlwg2,hlwg2
soep-core,soep-core-2016-hh,66,hlwg3,H16_A-KH,hlwg3,hlwg3
soep-core,soep-core-2016-hh,67,hdag1,H16_A-KH,hdag1,hdag1
soep-core,soep-core-2016-hh,67,hdag2,H16_A-KH,hdag2,hdag2
soep-core,soep-core-2016-hh,67,hdbg1,H16_A-KH,hdbg1,hdbg1
soep-core,soep-core-2016-hh,67,hdbg2,H16_A-KH,hdbg2,hdbg2
soep-core,soep-core-2016-hh,67,hdgs1,H16_A-KH,hdgs1,hdgs1
soep-core,soep-core-2016-hh,67,hdgs2,H16_A-KH,hdgs2,hdgs2
soep-core,soep-core-2016-hh,67,hdkg1,H16_A-KH,hdkg1,hdkg1
soep-core,soep-core-2016-hh,67,hdkg2,H16_A-KH,hdkg2,hdkg2
soep-core,soep-core-2016-hh,67,hdkg3,H16_A-KH,hdkg3,hdkg3
soep-core,soep-core-2016-hh,67,hdkz1,H16_A-KH,hdkz1,hdkz1
soep-core,soep-core-2016-hh,67,hdkz2,H16_A-KH,hdkz2,hdkz2
soep-core,soep-core-2016-hh,67,hdpg1,H16_A-KH,hdpg1,hdpg1
soep-core,soep-core-2016-hh,67,hdpg2,H16_A-KH,hdpg2,hdpg2
soep-core,soep-core-2016-hh,67,hdsh1,H16_A-KH,hdsh1,hdsh1
soep-core,soep-core-2016-hh,67,hdsh2,H16_A-KH,hdsh2,hdsh2
soep-core,soep-core-2016-hh,67,hdwg1,H16_A-KH,hdwg1,hdwg1
soep-core,soep-core-2016-hh,67,hdwg2,H16_A-KH,hdwg2,hdwg2
soep-core,soep-core-2016-hh,68,hnetto,H16_A-KH,hnetto,hnetto
soep-core,soep-core-2016-hh,69,hspar1,H16_A-KH,hspar1,hspar1
soep-core,soep-core-2016-hh,69,hspar1a,H16_A-KH,hspar1a,hspar1a
soep-core,soep-core-2016-hh,69,hspar1b,H16_A-KH,hspar1b,hspar1b
soep-core,soep-core-2016-hh,69,hspar2a,H16_A-KH,hspar2a,hspar2a
soep-core,soep-core-2016-hh,69,hspar2b,H16_A-KH,hspar2b,hspar2b
soep-core,soep-core-2016-hh,7,hheim,H16_A-KH,hheim,hheim
soep-core,soep-core-2016-hh,7,hheimso,H16_A-KH,hheimso,hheimso
soep-core,soep-core-2016-hh,70,hspar3,H16_A-KH,hspar3,hspar3
soep-core,soep-core-2016-hh,70,hspar4,H16_A-KH,hspar4,hspar4
soep-core,soep-core-2016-hh,70,hspar5,H16_A-KH,hspar5,hspar5
soep-core,soep-core-2016-hh,70,hspar6,H16_A-KH,hspar6,hspar6
soep-core,soep-core-2016-hh,70,hspar7,H16_A-KH,hspar7,hspar7
soep-core,soep-core-2016-hh,70,hspar8,H16_A-KH,hspar8,hspar8
soep-core,soep-core-2016-hh,71,hlmk1,H16_A-KH,hlmk1,hlmk1
soep-core,soep-core-2016-hh,71,hlmk2,H16_A-KH,hlmk2,hlmk2
soep-core,soep-core-2016-hh,72,1,H16_A-KH,hputz,hputz
soep-core,soep-core-2016-hh,73,hputz2,H16_A-KH,hputz2,hputz2
soep-core,soep-core-2016-hh,74,hh04,H16_A-KH,hh04,hh04
soep-core,soep-core-2016-hh,74,hh04a,H16_A-KH,hh04a,hh04a
soep-core,soep-core-2016-hh,74,hh07,H16_A-KH,hh07,hh07
soep-core,soep-core-2016-hh,74,hh07a,H16_A-KH,hh07a,hh07a
soep-core,soep-core-2016-hh,74,hh08,H16_A-KH,hh08,hh08
soep-core,soep-core-2016-hh,74,hh08a,H16_A-KH,hh08a,hh08a
soep-core,soep-core-2016-hh,74,hh09,H16_A-KH,hh09,hh09
soep-core,soep-core-2016-hh,74,hh09a,H16_A-KH,hh09a,hh09a
soep-core,soep-core-2016-hh,74,hh10,H16_A-KH,hh10,hh10
soep-core,soep-core-2016-hh,74,hh10a,H16_A-KH,hh10a,hh10a
soep-core,soep-core-2016-hh,74,hh11,H16_A-KH,hh11,hh11
soep-core,soep-core-2016-hh,74,hh11a,H16_A-KH,hh11a,hh11a
soep-core,soep-core-2016-hh,75,hbuch,H16_A-KH,hbuch,hbuch
soep-core,soep-core-2016-hh,76,htier,H16_A-KH,htier,htier
soep-core,soep-core-2016-hh,77,htier1,H16_A-KH,htier1,htier1
soep-core,soep-core-2016-hh,77,htier2,H16_A-KH,htier2,htier2
soep-core,soep-core-2016-hh,77,htier3,H16_A-KH,htier3,htier3
soep-core,soep-core-2016-hh,77,htier4,H16_A-KH,htier4,htier4
soep-core,soep-core-2016-hh,77,htier5,H16_A-KH,htier5,htier5
soep-core,soep-core-2016-hh,77,htier6,H16_A-KH,htier6,htier6
soep-core,soep-core-2016-hh,77,htier8,H16_A-KH,htier8,htier8
soep-core,soep-core-2016-hh,77,htier9,H16_A-KH,htier9,htier9
soep-core,soep-core-2016-hh,78,1,H16_A-KH,hpfleg,hpfleg
soep-core,soep-core-2016-hh,79,hpflanz,H16_A-KH,hpflanz,hpflanz
soep-core,soep-core-2016-hh,8,1,H16_A-KH,humb,humb
soep-core,soep-core-2016-hh,80,hhil1,H16_A-KH,hhil1,hhil1
soep-core,soep-core-2016-hh,80,hhil2,H16_A-KH,hhil2,hhil2
soep-core,soep-core-2016-hh,80,hhil3,H16_A-KH,hhil3,hhil3
soep-core,soep-core-2016-hh,80,hhil4,H16_A-KH,hhil4,hhil4
soep-core,soep-core-2016-hh,80,hpnam,H16_A-KH,hpnam,hpnam
soep-core,soep-core-2016-hh,81,hpl,H16_A-KH,hpl,hpl
soep-core,soep-core-2016-hh,82,hpstuf,H16_A-KH,hpstuf,hpstuf
soep-core,soep-core-2016-hh,83,hpallko,H16_A-KH,hpallko,hpallko
soep-core,soep-core-2016-hh,84,hhnam,H16_A-KH,hhnam,hhnam
soep-core,soep-core-2016-hh,84,hhvon1,H16_A-KH,hhvon1,hhvon1
soep-core,soep-core-2016-hh,84,hhvon3,H16_A-KH,hhvon3,hhvon3
soep-core,soep-core-2016-hh,84,hhvon6,H16_A-KH,hhvon6,hhvon6
soep-core,soep-core-2016-hh,84,hhvon7,H16_A-KH,hhvon7,hhvon7
soep-core,soep-core-2016-hh,84,hhvon8,H16_A-KH,hhvon8,hhvon8
soep-core,soep-core-2016-hh,84,hhvon9,H16_A-KH,hhvon9,hhvon9
soep-core,soep-core-2016-hh,85,hhbez,H16_A-KH,hhbez,hhbez
soep-core,soep-core-2016-hh,86,1,H16_A-KH,hpfleg4,hpfleg4
soep-core,soep-core-2016-hh,86,hpfleg5,H16_A-KH,hpfleg5,hpfleg5
soep-core,soep-core-2016-hh,88,hkgeba,H16_A-KH,hkgeba,hkgeba
soep-core,soep-core-2016-hh,88,hknama,H16_A-KH,hknama,hknama
soep-core,soep-core-2016-hh,89,hein3a,H16_A-KH,hein3a,hein3a
soep-core,soep-core-2016-hh,89,hschnoa,H16_A-KH,hschnoa,hschnoa
soep-core,soep-core-2016-hh,9,hqm,H16_A-KH,hqm,hqm
soep-core,soep-core-2016-hh,90,hschspa,H16_A-KH,hschspa,hschspa
soep-core,soep-core-2016-hh,91,hein9a,H16_A-KH,hein9a,hein9a
soep-core,soep-core-2016-hh,92,hakt06a,H16_A-KH,hakt06a,hakt06a
soep-core,soep-core-2016-hh,92,hakt07a,H16_A-KH,hakt07a,hakt07a
soep-core,soep-core-2016-hh,92,hakt08a,H16_A-KH,hakt08a,hakt08a
soep-core,soep-core-2016-hh,92,hakt09a,H16_A-KH,hakt09a,hakt09a
soep-core,soep-core-2016-hh,92,hakt10a,H16_A-KH,hakt10a,hakt10a
soep-core,soep-core-2016-hh,92,hakt11a,H16_A-KH,hakt11a,hakt11a
soep-core,soep-core-2016-hh,92,hakt12a,H16_A-KH,hakt12a,hakt12a
soep-core,soep-core-2016-hh,92,hakt13a,H16_A-KH,hakt13a,hakt13a
soep-core,soep-core-2016-hh,92,hakt14a,H16_A-KH,hakt14a,hakt14a
soep-core,soep-core-2016-hh,92,hakt15a,H16_A-KH,hakt15a,hakt15a
soep-core,soep-core-2016-hh,92,hakt16a,H16_A-KH,hakt16a,hakt16a
soep-core,soep-core-2016-hh,92,hakt17a,H16_A-KH,hakt17a,hakt17a
soep-core,soep-core-2016-hh,92,hakt20a,H16_A-KH,hakt20a,hakt20a
soep-core,soep-core-2016-hh,93,hakt01a,H16_A-KH,hakt01a,hakt01a
soep-core,soep-core-2016-hh,93,hakt02a,H16_A-KH,hakt02a,hakt02a
soep-core,soep-core-2016-hh,93,hakt03a,H16_A-KH,hakt03a,hakt03a
soep-core,soep-core-2016-hh,93,hakt04a,H16_A-KH,hakt04a,hakt04a
soep-core,soep-core-2016-hh,93,hakt05a,H16_A-KH,hakt05a,hakt05a
soep-core,soep-core-2016-hh,94,hein1a,H16_A-KH,hein1a,hein1a
soep-core,soep-core-2016-hh,94,hein1sa,H16_A-KH,hein1sa,hein1sa
soep-core,soep-core-2016-hh,95,hbet1a,H16_A-KH,hbet1a,hbet1a
soep-core,soep-core-2016-hh,95,hbet2a,H16_A-KH,hbet2a,hbet2a
soep-core,soep-core-2016-hh,95,hbet3a,H16_A-KH,hbet3a,hbet3a
soep-core,soep-core-2016-hh,95,hbet4a,H16_A-KH,hbet4a,hbet4a
soep-core,soep-core-2016-hh,95,hbet5a,H16_A-KH,hbet5a,hbet5a
soep-core,soep-core-2016-hh,96,hakt18a,H16_A-KH,hakt18a,hakt18a
soep-core,soep-core-2016-hh,96,hakt19a,H16_A-KH,hakt19a,hakt19a
soep-core,soep-core-2016-hh,97,hnet1ka,H16_A-KH,hnet1ka,hnet1ka
soep-core,soep-core-2016-hh,97,hnet2ka,H16_A-KH,hnet2ka,hnet2ka
soep-core,soep-core-2016-hh,A,hdatm,H16_A-KH,hdatm,hdatm
soep-core,soep-core-2016-hh,A,hdatmi,H16_A-KH,hdatmi,hdatmi
soep-core,soep-core-2016-hh,A,hdatst,H16_A-KH,hdatst,hdatst
soep-core,soep-core-2016-hh,A,hdatt,H16_A-KH,hdatt,hdatt
soep-core,soep-core-2016-hh,B,hform,H16_A-KH,hform,hform
soep-core,soep-core-2016-hh,C,hdauer1,H16_A-KH,hdauer1,hdauer1
soep-core,soep-core-2016-hh,C,hdauer2,H16_A-KH,hdauer2,hdauer2
soep-core,soep-core-2016-hh,D,hintnr,H16_A-KH,hintnr,hintnr
