study,dataset,variable,label,concept,questionnaire,question,item
soep-core,P14_A-KH,jahr,Erhebungsjahr,,,,
soep-core,P14_A-KH,stichu,Stichprobenkennzeichen,,,,
soep-core,P14_A-KH,hnr,Haushaltsnummer,hnr,soep-core-2014-pe,0,hnr
soep-core,P14_A-KH,pnr,Lfd. Personennummer,pnr,soep-core-2014-pe,0,pnr
soep-core,P14_A-KH,name,Vorname,,,,
soep-core,P14_A-KH,pzuf01,Zufriedenheit mit Gesundheit,pzuf01,soep-core-2014-pe,1,pzuf01
soep-core,P14_A-KH,pzuf20,Zufriedenheit mit Schlaf,pzuf20,soep-core-2014-pe,1,pzuf20
soep-core,P14_A-KH,pzuf02,Zufriedenheit mit Arbeit,pzuf02,soep-core-2014-pe,1,pzuf02
soep-core,P14_A-KH,pzuf03,Zufriedenheit mit Tätigkeit im HH,pzuf03,soep-core-2014-pe,1,pzuf03
soep-core,P14_A-KH,pzuf04,Zufriedenheit mit HH-Einkommen,pzuf04,soep-core-2014-pe,1,pzuf04
soep-core,P14_A-KH,pzuf05,Zufriedenheit mit pers. Einkommen,pzuf05,soep-core-2014-pe,1,pzuf05
soep-core,P14_A-KH,pzuf07,Zufriedenheit mit Wohnung,pzuf07,soep-core-2014-pe,1,pzuf07
soep-core,P14_A-KH,pzuf08,Zufriedenheit mit Freizeit,pzuf08,soep-core-2014-pe,1,pzuf08
soep-core,P14_A-KH,pzuf09,Zufriedenheit mit Kinderbetreuung,pzuf09,soep-core-2014-pe,1,pzuf09
soep-core,P14_A-KH,pzuf13,Zufriedenheit mit Familienleben,pzuf13,soep-core-2014-pe,1,pzuf13
soep-core,P14_A-KH,pzuf06,Zufriedenheit mit Schul-/Berufsausbildung,pzuf06,soep-core-2014-pe,1,pzuf06
soep-core,P14_A-KH,pweiterb,Lebenslanges Lernen,pweiterb,soep-core-2014-pe,2,
soep-core,P14_A-KH,pgef1,Ärgerlich gefühlt,pgef1,soep-core-2014-pe,3,pgef1
soep-core,P14_A-KH,pgef2,Ängstlich gefühlt,pgef2,soep-core-2014-pe,3,pgef2
soep-core,P14_A-KH,pgef3,Glücklich gefühlt,pgef3,soep-core-2014-pe,3,pgef3
soep-core,P14_A-KH,pgef4,Traurig gefühlt,pgef4,soep-core-2014-pe,3,pgef4
soep-core,P14_A-KH,prisk,Risikobereitschaft,prisk,soep-core-2014-pe,4,
soep-core,P14_A-KH,pwerk1,Beruf/Lehre Std./Werktag,pwerk1,soep-core-2014-pe,5,pwerk1
soep-core,P14_A-KH,pwerk2,Besorgungen Std./Werktag,pwerk2,soep-core-2014-pe,5,pwerk2
soep-core,P14_A-KH,pwerk3,Hausarbeit Std./Werktag,pwerk3,soep-core-2014-pe,5,pwerk3
soep-core,P14_A-KH,pwerk4,Kinderbetreuung Std./Werktag,pwerk4,soep-core-2014-pe,5,pwerk4
soep-core,P14_A-KH,pwerk5,Versorgung v. Pflegepers. Std./Werktag,pwerk5,soep-core-2014-pe,5,pwerk5
soep-core,P14_A-KH,pwerk6,Ausbildung Std./Werktag,pwerk6,soep-core-2014-pe,5,pwerk6
soep-core,P14_A-KH,pwerk7,Reparaturen Std./Werktag,pwerk7,soep-core-2014-pe,5,pwerk7
soep-core,P14_A-KH,pwerk9,Körperl. Aktivität Std/Werktag,pwerk9,soep-core-2014-pe,5,pwerk9
soep-core,P14_A-KH,pwerk8,Sonst. Freizeitbeschäft. Std./Werktag,pwerk8,soep-core-2014-pe,5,pwerk8
soep-core,P14_A-KH,pwerkka,Gesamt KA,pwerkka,soep-core-2014-pe,5,pwerk8
soep-core,P14_A-KH,p7tag,Arbeit letzte 7 Tage,p7tag,soep-core-2014-pe,6,
soep-core,P14_A-KH,perz,Mutterschutz/Elternzeit,perz,soep-core-2014-pe,7,
soep-core,P14_A-KH,ppfleg,Gesetzliche Pflegezeit,ppfleg,soep-core-2014-pe,8,
soep-core,P14_A-KH,palo,Arbeitslos gemeldet,palo,soep-core-2014-pe,9,
soep-core,P14_A-KH,paus1,Derzeit in Ausbildung,paus1,soep-core-2014-pe,10,
soep-core,P14_A-KH,paus,Welche Aus-/Weiterbildung/Gesamt KA,paus,soep-core-2014-pe,10,
soep-core,P14_A-KH,paus2,Allgemeinbildende Schule,paus2,soep-core-2014-pe,11,paus2
soep-core,P14_A-KH,paus3,Hochschule,paus3,soep-core-2014-pe,11,paus3
soep-core,P14_A-KH,paus3a,Kein Stipendium,paus3a,soep-core-2014-pe,11,paus3a
soep-core,P14_A-KH,paus3b,"Ja, BAföG",paus3b,soep-core-2014-pe,11,paus3b
soep-core,P14_A-KH,paus3c,"Ja, sonstiges Stipendium",paus3c,soep-core-2014-pe,11,paus3c
soep-core,P14_A-KH,paus3so,Offene Nennung sonst. Stipendium,paus3so,soep-core-2014-pe,11,paus3so
soep-core,P14_A-KH,paus4,Weiterbildung/Umschulung,paus4,soep-core-2014-pe,11,paus4
soep-core,P14_A-KH,paus4so,Offene Nennung sonst. WB/Umschulung,paus4so,soep-core-2014-pe,11,paus4so
soep-core,P14_A-KH,paus5,Berufliche Ausbildung,paus5,soep-core-2014-pe,11,paus5
soep-core,P14_A-KH,paus5so,Offene Nennung sonst. berufl. Ausbildung,paus5so,soep-core-2014-pe,11,paus5so
soep-core,P14_A-KH,perw,Erwerbsstatus,perw,soep-core-2014-pe,12,
soep-core,P14_A-KH,pnerw02,Zukünftige Erwerbstätigkeit beabsichtigt,pnerw02,soep-core-2014-pe,13,
soep-core,P14_A-KH,pnerw03,Wann zukünftige Erwerbstätigkeit,pnerw03,soep-core-2014-pe,14,
soep-core,P14_A-KH,pnerw04,Umfang zukünftige Erwerbstätigkeit,pnerw04,soep-core-2014-pe,15,
soep-core,P14_A-KH,pnerw01,Geeignete Stelle jetzt finden,pnerw01,soep-core-2014-pe,16,
soep-core,P14_A-KH,pnerw07,Nettoverdienst mind. €/Monat,pnerw07,soep-core-2014-pe,17,pnerw07
soep-core,P14_A-KH,pnerw08,Nettoverdienst kommt darauf an,pnerw08,soep-core-2014-pe,17,pnerw08
soep-core,P14_A-KH,pnerw14,Std./Wo. für Nettoverdienst,pnerw14,soep-core-2014-pe,18,pnerw14
soep-core,P14_A-KH,pnerw09,Stellenannahme innerhalb 2 Wo.,pnerw09,soep-core-2014-pe,19,
soep-core,P14_A-KH,pnerw10,Aktive Stellensuche letzte 4 Wo.,pnerw10,soep-core-2014-pe,20,
soep-core,P14_A-KH,pwexl1,Stellenwechsel nach 31.12.2012,pwexl1,soep-core-2014-pe,21,
soep-core,P14_A-KH,pwexl14,Einmal Stellenwechsel nach 31.12.2012,pwexl14,soep-core-2014-pe,22,pwexl14
soep-core,P14_A-KH,pwexl15,Anzahl Stellenwechsel nach 31.12.2012,pwexl15,soep-core-2014-pe,22,pwexl15
soep-core,P14_A-KH,pwexl2,Stelle angetreten Monat 2013,pwexl2,soep-core-2014-pe,23,pwexl2
soep-core,P14_A-KH,pwexl3,Stelle angetreten Monat 2014,pwexl3,soep-core-2014-pe,23,pwexl3
soep-core,P14_A-KH,pwexlka,Gesamt KA,pwexlka,soep-core-2014-pe,23,pwexl3
soep-core,P14_A-KH,pwexl4,Art der Veränderung,pwexl4,soep-core-2014-pe,24,
soep-core,P14_A-KH,pwexelt,Unterbrechung wegen Kind,pwexelt,soep-core-2014-pe,24,pwexelt
soep-core,P14_A-KH,pwexmo,Unterbrechung Monate,pwexmo,soep-core-2014-pe,24,pwexmo
soep-core,P14_A-KH,pwexl5,Öffentl. Förderung d. Selbständigkeit,pwexl5,soep-core-2014-pe,24,pwexl5
soep-core,P14_A-KH,psuch1,Aktive Suche,psuch1,soep-core-2014-pe,25,
soep-core,P14_A-KH,psuch2,Wie von dieser Stelle erfahren,psuch2,soep-core-2014-pe,26,
soep-core,P14_A-KH,pverm3,Beteiligung Agentur f. Arbeit,pverm3,soep-core-2014-pe,27,
soep-core,P14_A-KH,pber,Berufl. Tätigkeit derzeit,pber,soep-core-2014-pe,28,
soep-core,P14_A-KH,pberja,Tätigkeit erlernter Beruf,pberja,soep-core-2014-pe,29,
soep-core,P14_A-KH,pberaus,Welche Ausbildung erforderlich,pberaus,soep-core-2014-pe,30,
soep-core,P14_A-KH,peinar1,Kurze Einweisung erforderlich,peinar1,soep-core-2014-pe,31,peinar1
soep-core,P14_A-KH,peinar2,Längere Einarbeitung erforderlich,peinar2,soep-core-2014-pe,31,peinar2
soep-core,P14_A-KH,peinar3,Besondere Lehrgänge/Kurse erforderlich,peinar3,soep-core-2014-pe,31,peinar3
soep-core,P14_A-KH,peinka,Gesamt KA,peinka,soep-core-2014-pe,31,peinar3
soep-core,P14_A-KH,pbra,Wirtschaftszweig/Branche,pbra,soep-core-2014-pe,32,
soep-core,P14_A-KH,pgesunt,Anzahl Beschäftigte Gesamtunternehmen,pgesunt,soep-core-2014-pe,33,
soep-core,P14_A-KH,pseitm,Seit wann beschäftigt Monat,pseitm,soep-core-2014-pe,34,pseitm
soep-core,P14_A-KH,pseitj,Seit wann beschäftigt Jahr,pseitj,soep-core-2014-pe,34,pseitj
soep-core,P14_A-KH,pstell,Berufliche Stellung derzeit,pstell,soep-core-2014-pe,35,pstell
soep-core,P14_A-KH,psst,Berufl. Stellung Selbständige,psst,soep-core-2014-pe,35,psst
soep-core,P14_A-KH,psstanz,Anzahl Mitarbeiter,psstanz,soep-core-2014-pe,35,psstanz
soep-core,P14_A-KH,parb,Berufl. Stellung Arbeiter,parb,soep-core-2014-pe,35,parb
soep-core,P14_A-KH,pamt,Berufl. Stellung Beamte,pamt,soep-core-2014-pe,35,pamt
soep-core,P14_A-KH,pazubi,Berufl. Stellung Azubi/Praktikant,pazubi,soep-core-2014-pe,35,pazubi
soep-core,P14_A-KH,pang,Berufl. Stellung Angestellte,pang,soep-core-2014-pe,35,pang
soep-core,P14_A-KH,poed,Öffentlicher Dienst,poed,soep-core-2014-pe,36,
soep-core,P14_A-KH,pzaf,Zeit-/Leiharbeit,pzaf,soep-core-2014-pe,37,
soep-core,P14_A-KH,pbefr1,Befristet/unbefristet,pbefr1,soep-core-2014-pe,38,
soep-core,P14_A-KH,pbefr2,Gemeinnützige Arbeit,pbefr2,soep-core-2014-pe,39,
soep-core,P14_A-KH,pverl,Gleichwertige Stelle finden,pverl,soep-core-2014-pe,40,
soep-core,P14_A-KH,pwohn2,Wo liegt Arbeitsstelle,pwohn2,soep-core-2014-pe,41,
soep-core,P14_A-KH,preg,Arbeitszeitregelung,preg,soep-core-2014-pe,42,
soep-core,P14_A-KH,pruf1,Bereitschaftsdienst,pruf1,soep-core-2014-pe,43,pruf1
soep-core,P14_A-KH,pruf2,Rufbereitschaft,pruf2,soep-core-2014-pe,43,pruf2
soep-core,P14_A-KH,pruf3,Arbeit auf Abruf,pruf3,soep-core-2014-pe,43,pruf3
soep-core,P14_A-KH,pruf4,Nein,pruf4,soep-core-2014-pe,43,pruf4
soep-core,P14_A-KH,phaus1,Zu Hause arbeiten,phaus1,soep-core-2014-pe,44,
soep-core,P14_A-KH,phaus2,Wie oft zu Hause arbeiten,phaus2,soep-core-2014-pe,44,phaus2
soep-core,P14_A-KH,phaus3,Angebot zu Hause arbeiten,phaus3,soep-core-2014-pe,45,
soep-core,P14_A-KH,paz14,Wunscharbeitszeit Std./Wo.,paz14,soep-core-2014-pe,46,paz14
soep-core,P14_A-KH,paz08,Vereinbarte Arbeitszeit o. ÜStd. Std./Wo.,paz08,soep-core-2014-pe,47,paz08
soep-core,P14_A-KH,paz09,Keine festgelegte Arbeitszeit,paz09,soep-core-2014-pe,47,paz09
soep-core,P14_A-KH,paz10,Tatsächliche Arbeitszeit m. ÜStd. Std./Wo.,paz10,soep-core-2014-pe,48,paz10
soep-core,P14_A-KH,paz11,Mini-/Midi-Job,paz11,soep-core-2014-pe,49,
soep-core,P14_A-KH,paz12,Teilzeit BEEG,paz12,soep-core-2014-pe,50,
soep-core,P14_A-KH,palt1,Altersteilzeit,palt1,soep-core-2014-pe,51,
soep-core,P14_A-KH,palt2,Modell der Altersteilzeit,palt2,soep-core-2014-pe,51,palt2
soep-core,P14_A-KH,pustd1,Überstunden leisten,pustd1,soep-core-2014-pe,52,
soep-core,P14_A-KH,pustd2,Überstunden in Arbeitszeitkonto,pustd2,soep-core-2014-pe,53,
soep-core,P14_A-KH,pustd3,Überstunden Ausgleichsfrist,pustd3,soep-core-2014-pe,53,pustd3
soep-core,P14_A-KH,pustd4,Wie Überstunden abgegolten,pustd4,soep-core-2014-pe,54,
soep-core,P14_A-KH,pustd9,Überstunden im letzt. Monat abgefeiert,pustd9,soep-core-2014-pe,55,
soep-core,P14_A-KH,pustd10,Anzahl abgefeierte Überstunden,pustd10,soep-core-2014-pe,55,pustd10
soep-core,P14_A-KH,pustd5,Überstunden im Vormonat geleistet,pustd5,soep-core-2014-pe,56,
soep-core,P14_A-KH,pustd6,Anzahl geleistete Überstunden,pustd6,soep-core-2014-pe,56,pustd6
soep-core,P14_A-KH,pustd7,Anzahl bezahlte Überstunden,pustd7,soep-core-2014-pe,56,pustd7
soep-core,P14_A-KH,pbrut,€ Bruttoverdienst Vormonat,pbrut,soep-core-2014-pe,57,pbrut
soep-core,P14_A-KH,pnett,€ Nettoverdienst Vormonat,pnett,soep-core-2014-pe,57,pnett
soep-core,P14_A-KH,pson01,Schicht-/Spätarbeits-/Wochenendzuschläge,pson01,soep-core-2014-pe,58,pson01
soep-core,P14_A-KH,pson02,Zuschläge f. Überstunden,pson02,soep-core-2014-pe,58,pson02
soep-core,P14_A-KH,pson03,Erschwerniszulagen,pson03,soep-core-2014-pe,58,pson03
soep-core,P14_A-KH,pson04,Funktionszulagen/pers. Zulagen,pson04,soep-core-2014-pe,58,pson04
soep-core,P14_A-KH,pson05,Trinkgelder,pson05,soep-core-2014-pe,58,pson05
soep-core,P14_A-KH,pson06,Sonstige Sonderzahlungen/Zuschläge,pson06,soep-core-2014-pe,58,pson06
soep-core,P14_A-KH,pson06x,Offene Nennung sonst. Sonderzahlungen/Zuschläge,pson06x,soep-core-2014-pe,58,pson06x
soep-core,P14_A-KH,pson07,Sonderzahlung nichts davon,pson07,soep-core-2014-pe,58,pson07
soep-core,P14_A-KH,pson08,Verbilligtes Essen/Essenszuschuss,pson08,soep-core-2014-pe,59,pson08
soep-core,P14_A-KH,pson09,Firmenwagen f. private Nutzung,pson09,soep-core-2014-pe,59,pson09
soep-core,P14_A-KH,pson10,Handy f. Privatgebrauch/Zahlung Telefonkosten,pson10,soep-core-2014-pe,59,pson10
soep-core,P14_A-KH,pson11,Spesen über Kostenerstattung hinaus,pson11,soep-core-2014-pe,59,pson11
soep-core,P14_A-KH,pson12,Computer/Laptop z. privaten Nutzung,pson12,soep-core-2014-pe,59,pson12
soep-core,P14_A-KH,pson13,Andere Formen v. Zusatzleistungen,pson13,soep-core-2014-pe,59,pson13
soep-core,P14_A-KH,pson13x,Offene Nennung and. Zusatzleistungen,pson13x,soep-core-2014-pe,59,pson13x
soep-core,P14_A-KH,pson14,Zusatzleistung nichts davon,pson14,soep-core-2014-pe,59,pson14
soep-core,P14_A-KH,pjob01,Mithelfender Familienangehöriger,pjob01,soep-core-2014-pe,60,pjob01
soep-core,P14_A-KH,pjob02,Regelmäßiger Nebenerwerb,pjob02,soep-core-2014-pe,60,pjob02
soep-core,P14_A-KH,pjob03,Gelegentlicher Nebenerwerb,pjob03,soep-core-2014-pe,60,pjob03
soep-core,P14_A-KH,pjobno,Keine Nebentätigkeit,pjobno,soep-core-2014-pe,60,pjobno
soep-core,P14_A-KH,pjobx,Nebentätigkeit,pjobx,soep-core-2014-pe,61,
soep-core,P14_A-KH,pjob12,Nebentätigkeit Tage/Monat,pjob12,soep-core-2014-pe,62,pjob12
soep-core,P14_A-KH,pjob13,Nebentätigkeit Std./Tag ,pjob13,soep-core-2014-pe,63,pjob13
soep-core,P14_A-KH,pjob15,€ Bruttoverdienst Nebenerwerb Vormonat,pjob15,soep-core-2014-pe,64,pjob15
soep-core,P14_A-KH,pek01,Gesetzl. Rente/Pension,pek01,soep-core-2014-pe,65,pek01
soep-core,P14_A-KH,pek011,Gesetzl. Rente/Pension € Brutto/Monat,pek011,soep-core-2014-pe,65,pek011
soep-core,P14_A-KH,pek02,Witwen-/Waisenrente,pek02,soep-core-2014-pe,65,pek02
soep-core,P14_A-KH,pek021,Witwen-/Waisenrente € Brutto/Monat,pek021,soep-core-2014-pe,65,pek021
soep-core,P14_A-KH,pek03,Arbeitslosengeld,pek03,soep-core-2014-pe,65,pek03
soep-core,P14_A-KH,pek031,Arbeitslosengeld € Brutto/Monat,pek031,soep-core-2014-pe,65,pek031
soep-core,P14_A-KH,pek04,ALG II / Sozialgeld,pek04,soep-core-2014-pe,65,pek04
soep-core,P14_A-KH,pek05,Unterhaltsgeld/Übergangsgeld,pek05,soep-core-2014-pe,65,pek05
soep-core,P14_A-KH,pek051,Unterhaltsgeld/Übergangsgeld € Brutto/Monat,pek051,soep-core-2014-pe,65,pek051
soep-core,P14_A-KH,pek07,Mutterschafts-/Elterngeld,pek07,soep-core-2014-pe,65,pek07
soep-core,P14_A-KH,pek071,Mutterschafts-/Elterngeld € Brutto/Monat,pek071,soep-core-2014-pe,65,pek071
soep-core,P14_A-KH,pek20,Kindesunterhalt,pek20,soep-core-2014-pe,65,pek20
soep-core,P14_A-KH,pek201,Kindesunterhalt € Brutto/Monat,pek201,soep-core-2014-pe,65,pek201
soep-core,P14_A-KH,pek21,Betreuungsunterhalt,pek21,soep-core-2014-pe,65,pek21
soep-core,P14_A-KH,pek211,Betreuungsunterhalt € Brutto/Monat,pek211,soep-core-2014-pe,65,pek211
soep-core,P14_A-KH,pek22,Nachehelicher -/Trennungsunterhalt,pek22,soep-core-2014-pe,65,pek22
soep-core,P14_A-KH,pek221,Nachehelicher -/Trennungsunterhalt € Brutto/Monat,pek221,soep-core-2014-pe,65,pek221
soep-core,P14_A-KH,pek18,Unterhaltszahlung (Vorschussk.),pek18,soep-core-2014-pe,65,pek18
soep-core,P14_A-KH,pek181,Unterhaltszahlung (Vorschussk.) € Brutto/Monat,pek181,soep-core-2014-pe,65,pek181
soep-core,P14_A-KH,pek08,BAföG/Stipendium/BAB,pek08,soep-core-2014-pe,65,pek08
soep-core,P14_A-KH,pek081,BAföG/Stipendium/BAB € Brutto/Monat,pek081,soep-core-2014-pe,65,pek081
soep-core,P14_A-KH,pek09,Wehrsold/Aufw.entsch. FSJ/FÖJ/BFD,pek09,soep-core-2014-pe,65,pek09
soep-core,P14_A-KH,pek091,Wehrsold/Aufw.entsch. FSJ/FÖJ/BFD € Brutto/Monat,pek091,soep-core-2014-pe,65,pek091
soep-core,P14_A-KH,pek11,Sonst. Unterstützung außerhalb. HH,pek11,soep-core-2014-pe,65,pek11
soep-core,P14_A-KH,pek111,Sonst. Unterstützung außerhalb HH € Brutto/Monat,pek111,soep-core-2014-pe,65,pek111
soep-core,P14_A-KH,pekno,Keine der genannten Einkünfte,pekno,soep-core-2014-pe,65,pekno
soep-core,P14_A-KH,pab1,Ausbildung beendet nach 31.12.2012,pab1,soep-core-2014-pe,66,
soep-core,P14_A-KH,pab2,Ausbildung beendet Monat 2013,pab2,soep-core-2014-pe,66,pab2
soep-core,P14_A-KH,pab3,Ausbildung beendet Monat 2014,pab3,soep-core-2014-pe,66,pab3
soep-core,P14_A-KH,pabka1,Gesamt KA Ausbildung beendet,pabka1,soep-core-2014-pe,66,pab3
soep-core,P14_A-KH,pab4,Mit Abschluss beendet,pab4,soep-core-2014-pe,67,
soep-core,P14_A-KH,pab4a,Abschluss in Deutschland,pab4a,soep-core-2014-pe,68,
soep-core,P14_A-KH,pab,Welcher Abschluss/Keine Angabe,pab,soep-core-2014-pe,68,
soep-core,P14_A-KH,pab5,Allgemeinbild. Schulabschluss,pab5,soep-core-2014-pe,69,pab5
soep-core,P14_A-KH,pab5so,Offene Nennung anderer Schulabschluss ,pab5so,soep-core-2014-pe,69,pab5so
soep-core,P14_A-KH,pab6,Hochschulabschluss,pab6,soep-core-2014-pe,69,pab6
soep-core,P14_A-KH,pab6x1,Abschlussart Hochschulabschluss,pab6x1,soep-core-2014-pe,69,pab6x1
soep-core,P14_A-KH,pab6x2,Fachrichtung Hochschulabschluss,pab6x2,soep-core-2014-pe,69,pab6x2
soep-core,P14_A-KH,pab7x,Bezeichnung Ausbildungsberuf,pab7x,soep-core-2014-pe,69,pab7x
soep-core,P14_A-KH,pab7,Beruflicher Ausbildungsabschluss,pab7,soep-core-2014-pe,69,pab7
soep-core,P14_A-KH,pwbtn,Berufliche Weiterbildung 2013,pwbtn,soep-core-2014-pe,70,
soep-core,P14_A-KH,pwbanz,Anzahl WB-Maßnahmen 2013,pwbanz,soep-core-2014-pe,71,pwbanz
soep-core,P14_A-KH,pwbtag,Anzahl Tage WB-Maßnahmen 2013,pwbtag,soep-core-2014-pe,72,pwbtag
soep-core,P14_A-KH,pwbarge,WB-Maßnahme d. Agentur f.Arbeit/d. Jobcenters,pwbarge,soep-core-2014-pe,73,
soep-core,P14_A-KH,pwbang,WB-Maßnahme durch AG angeregt,pwbang,soep-core-2014-pe,74,
soep-core,P14_A-KH,pwbarb,WB-Maßnahme direkt v. AG angeboten,pwbarb,soep-core-2014-pe,75,
soep-core,P14_A-KH,pwbfin1,Arbeitgeber hat sich an Kursgebühr beteiligt,pwbfin1,soep-core-2014-pe,76,pwbfin1
soep-core,P14_A-KH,pwbfin2,WB in Arbeitszeit,pwbfin2,soep-core-2014-pe,76,pwbfin2
soep-core,P14_A-KH,pwbno1,2013 kein passendes WB-Angebot verfügbar,pwbno1,soep-core-2014-pe,77,pwbno1
soep-core,P14_A-KH,pwbno2,2013 keine Zeit für WB,pwbno2,soep-core-2014-pe,77,pwbno2
soep-core,P14_A-KH,pwbno3,WB hätte pers. Berufschancen nicht verbessert,pwbno3,soep-core-2014-pe,77,pwbno3
soep-core,P14_A-KH,pwbno4,WB kam nicht in Frage wg. Kosten/Verdienstausfall,pwbno4,soep-core-2014-pe,77,pwbno4
soep-core,P14_A-KH,pwbno5,Kein Interesse an Weiterbildung,pwbno5,soep-core-2014-pe,77,pwbno5
soep-core,P14_A-KH,pend1,Ausgeschieden nach 31.12.2012,pend1,soep-core-2014-pe,78,
soep-core,P14_A-KH,pend2,letzte Stelle ausgeschieden Monat 2013,pend2,soep-core-2014-pe,79,pend2
soep-core,P14_A-KH,pend3,letzte Stelle ausgeschieden Monat 2014,pend3,soep-core-2014-pe,79,pend3
soep-core,P14_A-KH,pendka,Gesamt KA letzte Stelle ausgeschieden,pendka,soep-core-2014-pe,79,pendka
soep-core,P14_A-KH,pend4,Wie lange beschäftigt Jahre,pend4,soep-core-2014-pe,80,pend4
soep-core,P14_A-KH,pend5,Wie lange beschäftigt Monate,pend5,soep-core-2014-pe,80,pend5
soep-core,P14_A-KH,pend6,Auf welche Weise ausgeschieden,pend6,soep-core-2014-pe,81,
soep-core,P14_A-KH,pend7,Abfindung erhalten,pend7,soep-core-2014-pe,82,
soep-core,P14_A-KH,pend8,Abfindung € Höhe,pend8,soep-core-2014-pe,82,pend8
soep-core,P14_A-KH,pend9,Neue Stelle in Aussicht,pend9,soep-core-2014-pe,83,
soep-core,P14_A-KH,pkal01,Voll erwerbstätig,pkal01,soep-core-2014-pe,84,pkal01
soep-core,P14_A-KH,pkal13,In Kurzarbeit,pkal13,soep-core-2014-pe,84,pkal13
soep-core,P14_A-KH,pkal02,Teilzeitbeschäftigt,pkal02,soep-core-2014-pe,84,pkal02
soep-core,P14_A-KH,pkal12,Mini-Job (bis 450 )'',pkal12,soep-core-2014-pe,84,pkal12
soep-core,P14_A-KH,pkal03,Betr. Erstausbildung/Lehre,pkal03,soep-core-2014-pe,84,pkal03
soep-core,P14_A-KH,pkal04,Fortbildung/Umschulung/Weiterbildung,pkal04,soep-core-2014-pe,84,pkal04
soep-core,P14_A-KH,pkal05,Arbeitslos gemeldet,pkal05,soep-core-2014-pe,84,pkal05
soep-core,P14_A-KH,pkal06,Rente/Pension/Vorruhestand,pkal06,soep-core-2014-pe,84,pkal06
soep-core,P14_A-KH,pkal07,Mutterschutz/Erz.urlaub/Elternzeit,pkal07,soep-core-2014-pe,84,pkal07
soep-core,P14_A-KH,pkal08,Schule/Hoch-/Fachschule,pkal08,soep-core-2014-pe,84,pkal08
soep-core,P14_A-KH,pkal09a,Art Freiwilligendienst,pkal09a,soep-core-2014-pe,84,pkal09a
soep-core,P14_A-KH,pkal09,Freiwilligendienst,pkal09,soep-core-2014-pe,84,pkal09
soep-core,P14_A-KH,pkal10,Hausfrau/-mann,pkal10,soep-core-2014-pe,84,pkal10
soep-core,P14_A-KH,pkal11,Sonstiges,pkal11,soep-core-2014-pe,84,pkal11
soep-core,P14_A-KH,pkalso,Offene Nennung Sonstiges,pkalso,soep-core-2014-pe,84,pkalso
soep-core,P14_A-KH,pvek01,Lohn/Gehalt 2013,pvek01,soep-core-2014-pe,85,pvek01
soep-core,P14_A-KH,pvek011,Lohn/Gehalt Monate 2013,pvek011,soep-core-2014-pe,85,pvek011
soep-core,P14_A-KH,pvek012,Lohn/Gehalt € Brutto/Monat 2013,pvek012,soep-core-2014-pe,85,pvek012
soep-core,P14_A-KH,pvek013,Lohn/Gehalt € Netto/Monat 2013,pvek013,soep-core-2014-pe,85,pkal01
soep-core,P14_A-KH,pvek02,Eink. selbständig/freiberufl. 2013,pvek02,soep-core-2014-pe,85,pvek02
soep-core,P14_A-KH,pvek021,Eink. selbständig/freiberufl. Monate 2013,pvek021,soep-core-2014-pe,85,pvek021
soep-core,P14_A-KH,pvek022,Eink. selbständig/freiberufl. € Brutto/Monat 2013,pvek022,soep-core-2014-pe,85,pvek022
soep-core,P14_A-KH,pvek023,Eink. selbständig/freiberufl. € Netto/Monat 2013,pvek023,soep-core-2014-pe,85,pkal01
soep-core,P14_A-KH,pvek03,Eink. Nebenerwerb 2013,pvek03,soep-core-2014-pe,85,pvek03
soep-core,P14_A-KH,pvek031,Eink. Nebenerwerb Monate 2013,pvek031,soep-core-2014-pe,85,pvek031
soep-core,P14_A-KH,pvek032,Eink. Nebenerwerb € Brutto/Monat 2013,pvek032,soep-core-2014-pe,85,pvek032
soep-core,P14_A-KH,pvek04,Rente/Pension 2013,pvek04,soep-core-2014-pe,85,pvek04
soep-core,P14_A-KH,pvek041,Rente/Pension Monate 2013,pvek041,soep-core-2014-pe,85,pvek041
soep-core,P14_A-KH,pvek05,Witwen-/Waisenrente 2013,pvek05,soep-core-2014-pe,85,pvek05
soep-core,P14_A-KH,pvek051,Witwen/Waisenrente Monate 2013,pvek051,soep-core-2014-pe,85,pvek051
soep-core,P14_A-KH,pvek06,Arbeitslosengeld 2013,pvek06,soep-core-2014-pe,85,pvek06
soep-core,P14_A-KH,pvek061,Arbeitslosengeld Monate 2013,pvek061,soep-core-2014-pe,85,pvek061
soep-core,P14_A-KH,pvek062,Arbeitslosengeld € Brutto/Monat 2013,pvek062,soep-core-2014-pe,85,pvek062
soep-core,P14_A-KH,pvek07,ALG II/Sozialgeld 2013,pvek07,soep-core-2014-pe,85,pvek07
soep-core,P14_A-KH,pvek071,ALG II/Sozialgeld Monate 2013,pvek071,soep-core-2014-pe,85,pvek071
soep-core,P14_A-KH,pvek08,Unterhalts-/Übergangsgeld 2013,pvek08,soep-core-2014-pe,85,pvek08
soep-core,P14_A-KH,pvek081,Unterhalts-/Übergangsgeld Monate 2013,pvek081,soep-core-2014-pe,85,pvek081
soep-core,P14_A-KH,pvek082,Unterhalts-/Übergangsgeld € Brutto/Monat 2013,pvek082,soep-core-2014-pe,85,pvek082
soep-core,P14_A-KH,pvek09,Mutterschafts-/Elterngeld 2013,pvek09,soep-core-2014-pe,85,pvek09
soep-core,P14_A-KH,pvek091,Mutterschafts-/Elterngeld Monate 2013,pvek091,soep-core-2014-pe,85,pvek091
soep-core,P14_A-KH,pvek092,Mutterschafts-/Elterngeld € Brutto/Monat 2013,pvek092,soep-core-2014-pe,85,pvek092
soep-core,P14_A-KH,pvek10,BAföG/Stipendium/BAB 2013,pvek10,soep-core-2014-pe,85,pvek10
soep-core,P14_A-KH,pvek101,BAföG/Stipendium/BAB Monate 2013,pvek101,soep-core-2014-pe,85,pvek101
soep-core,P14_A-KH,pvek102,BAföG/Stipendium/BAB € Brutto/Monat 2013,pvek102,soep-core-2014-pe,85,pvek102
soep-core,P14_A-KH,pvek11,Wehrsold/Aufw.entsch. FSJ/FÖJ/BFD 2013,pvek11,soep-core-2014-pe,85,pvek11
soep-core,P14_A-KH,pvek111,Wehrsold/Aufw.entsch. FSJ/FÖJ/BFD Monate 2013,pvek111,soep-core-2014-pe,85,pvek111
soep-core,P14_A-KH,pvek112,Wehrsold/Aufw.entsch. FSJ/FÖJ/BFD € Brutto/Monat 2013,pvek112,soep-core-2014-pe,85,pvek112
soep-core,P14_A-KH,pvek19,Ehegatten-/Kindes-/Betreuungsunterhalt 2013,pvek19,soep-core-2014-pe,85,pvek19
soep-core,P14_A-KH,pvek191,Ehegatten-/Kindes-/Betreuungsunterhalt Monate 2013,pvek191,soep-core-2014-pe,85,pvek191
soep-core,P14_A-KH,pvek192,Ehegatten-/Kindes-/Betreuungsunterhalt € Brutto/Monat 2013,pvek192,soep-core-2014-pe,85,pvek192
soep-core,P14_A-KH,pvek18,Unterhaltszahlung (Vorschussk.) 2013,pvek18,soep-core-2014-pe,85,pvek18
soep-core,P14_A-KH,pvek181,Unterhaltszahlung (Vorschussk.) Monate 2013,pvek181,soep-core-2014-pe,85,pvek181
soep-core,P14_A-KH,pvek182,Unterhaltszahlung (Vorschussk.) € Brutto/Monat 2013,pvek182,soep-core-2014-pe,85,pvek182
soep-core,P14_A-KH,pvek13,Sonst. Unterstützung außerh. HH 2013,pvek13,soep-core-2014-pe,85,pvek13
soep-core,P14_A-KH,pvek131,Sonst. Unterstützung außerh. HH Monate 2013 ,pvek131,soep-core-2014-pe,85,pvek131
soep-core,P14_A-KH,pvek132,Sonst. Unterstützung außerh. HH € Brutto/Monat 2013,pvek132,soep-core-2014-pe,85,pvek132
soep-core,P14_A-KH,pvekno,2013 keine Einkünfte d. genannten Art,pvekno,soep-core-2014-pe,85,pvekno
soep-core,P14_A-KH,pzus01,13. Monatsgehalt 2013,pzus01,soep-core-2014-pe,86,pzus01
soep-core,P14_A-KH,pzus011,13. Monatsgehalt € Brutto 2013,pzus011,soep-core-2014-pe,86,pzus011
soep-core,P14_A-KH,pzus02,14. Monatsgehalt 2013,pzus02,soep-core-2014-pe,86,pzus02
soep-core,P14_A-KH,pzus021,14. Monatsgehalt € Brutto 2013,pzus021,soep-core-2014-pe,86,pzus021
soep-core,P14_A-KH,pzus03,Zusätzl. Weihnachtsgeld 2013,pzus03,soep-core-2014-pe,86,pzus03
soep-core,P14_A-KH,pzus031,Zusätzl. Weihnachtsgeld € Brutto 2013,pzus031,soep-core-2014-pe,86,pzus031
soep-core,P14_A-KH,pzus04,Urlaubsgeld 2013,pzus04,soep-core-2014-pe,86,pzus04
soep-core,P14_A-KH,pzus041,Urlaubsgeld € Brutto 2013,pzus041,soep-core-2014-pe,86,pzus041
soep-core,P14_A-KH,pzus05,Gewinnbeteilgung/Gratifikation/Prämie 2013,pzus05,soep-core-2014-pe,86,pzus05
soep-core,P14_A-KH,pzus051,Gewinnbeteilgung/Gratifikation/Prämie € Brutto 2013,pzus051,soep-core-2014-pe,86,pzus051
soep-core,P14_A-KH,pzus06,Sonstige Sondervergütung 2013,pzus06,soep-core-2014-pe,86,pzus06
soep-core,P14_A-KH,pzus061,Sonstige Sondervergütung € Brutto 2013,pzus061,soep-core-2014-pe,86,pzus061
soep-core,P14_A-KH,pzus07,"Nein, nichts davon (Sondervergütung)",pzus07,soep-core-2014-pe,86,pzus07
soep-core,P14_A-KH,pzus11,Fahrtgeld/Zuschuss öff. Nahverkehr 2013,pzus11,soep-core-2014-pe,87,
soep-core,P14_A-KH,pzus12,Fahrtgeld/Zuschuss öff. Nahverkehr € 2013,pzus12,soep-core-2014-pe,87,pzus12
soep-core,P14_A-KH,par1,Dt. Rentenversich. Rente € Brutto/Monat 2013,par1,soep-core-2014-pe,88,par1
soep-core,P14_A-KH,pwr1,Dt. Rentenversich. Witwen-/Waisenrente € Brutto/Monat 2013,pwr1,soep-core-2014-pe,88,pwr1
soep-core,P14_A-KH,par2,Beamtenversorg. Rente € Brutto/Monat 2013,par2,soep-core-2014-pe,88,par2
soep-core,P14_A-KH,pwr2,Beamtenversorg. Witwen-/Waisenrente € Brutto/Monat 2013,pwr2,soep-core-2014-pe,88,pwr2
soep-core,P14_A-KH,par5,Zusatzversorg. Rente € Brutto/Monat 2013,par5,soep-core-2014-pe,88,par5
soep-core,P14_A-KH,pwr5,Zusatzversorg. Witwen-/Waisenrente € Brutto/Monat 2013,pwr5,soep-core-2014-pe,88,pwr5
soep-core,P14_A-KH,par6,Betriebl. Altersversorg. Rente € Brutto/Monat 2013,par6,soep-core-2014-pe,88,par6
soep-core,P14_A-KH,pwr6,Betriebl. Altersversorg. Witwen-/Waisenrente € Brutto/Monat 2013,pwr6,soep-core-2014-pe,88,pwr6
soep-core,P14_A-KH,par7,Private RV Rente € Brutto/Monat 2013,par7,soep-core-2014-pe,88,par7
soep-core,P14_A-KH,pwr7,Private RV Witwen-/Waisenrente € Brutto/Monat 2013,pwr7,soep-core-2014-pe,88,pwr7
soep-core,P14_A-KH,par4,Unfallversich. Rente € Brutto/Monat 2013,par4,soep-core-2014-pe,88,par4
soep-core,P14_A-KH,pwr4,Unfallversich. Witwen-/Waisenrente € Brutto/Monat 2013,pwr4,soep-core-2014-pe,88,pwr4
soep-core,P14_A-KH,par3,Kriegsopferversorg. Rente € Brutto/Monat 2013,par3,soep-core-2014-pe,88,par3
soep-core,P14_A-KH,pwr3,Kriegsopferversorg. Witwen-/Waisenrente € Brutto/Monat 2013,pwr3,soep-core-2014-pe,88,pwr3
soep-core,P14_A-KH,par8,Sonstiger Träger Rente € Brutto/Monat 2013,par8,soep-core-2014-pe,88,par8
soep-core,P14_A-KH,pwr8,Sonstiger Träger Witwen-/Waisenrente € Brutto/Monat 2013,pwr8,soep-core-2014-pe,88,pwr8
soep-core,P14_A-KH,parso,Sonstiger Träger Rente,parso,soep-core-2014-pe,88,parso
soep-core,P14_A-KH,pwrso,Sonstiger Träger Witwen-/Waisenrente,pwrso,soep-core-2014-pe,88,pwrso
soep-core,P14_A-KH,parka,Gesamt KA Rente,parka,soep-core-2014-pe,88,pwr8
soep-core,P14_A-KH,pwrka,Gesamt KA Witwen-/Waisenrente,pwrka,soep-core-2014-pe,88,pwr8
soep-core,P14_A-KH,pges01,Gesundheitszustand,pges01,soep-core-2014-pe,89,
soep-core,P14_A-KH,pges02,Treppen steigen,pges02,soep-core-2014-pe,90,
soep-core,P14_A-KH,pges03,Anstrengende Tätigkeiten i.Alltag,pges03,soep-core-2014-pe,91,
soep-core,P14_A-KH,pges04,Gehetzt/Zeitdruck,pges04,soep-core-2014-pe,92,pges04
soep-core,P14_A-KH,pges05,Niedergeschlagen/trübsinnig,pges05,soep-core-2014-pe,92,pges05
soep-core,P14_A-KH,pges06,Ruhig/ausgeglichen,pges06,soep-core-2014-pe,92,pges06
soep-core,P14_A-KH,pges07,Viel Energie verspürt,pges07,soep-core-2014-pe,92,pges07
soep-core,P14_A-KH,pges08,Starke körperl. Schmerzen,pges08,soep-core-2014-pe,92,pges08
soep-core,P14_A-KH,pges09,Wg. körperl. Probl. weniger geschafft,pges09,soep-core-2014-pe,92,pges09
soep-core,P14_A-KH,pges10,Wg. körperl. Probl. Tätigkeit eingeschränkt,pges10,soep-core-2014-pe,92,pges10
soep-core,P14_A-KH,pges11,Wg. seel. Probl. weniger geschafft,pges11,soep-core-2014-pe,92,pges11
soep-core,P14_A-KH,pges12,Wg. seel. Probl. Tätigkeit weniger sorgfältig,pges12,soep-core-2014-pe,92,pges12
soep-core,P14_A-KH,pges13,Soziale Kontakte eingeschränkt,pges13,soep-core-2014-pe,92,pges13
soep-core,P14_A-KH,pbeh1,Erwerbs-/Schwerbehindert,pbeh1,soep-core-2014-pe,93,
soep-core,P14_A-KH,pbeh2,Behinderungsgrad %,pbeh2,soep-core-2014-pe,93,pbeh2
soep-core,P14_A-KH,prauch1,Aktuell rauchen,prauch1,soep-core-2014-pe,94,
soep-core,P14_A-KH,prauch2,Anz. Zigaretten/Tag,prauch2,soep-core-2014-pe,94,prauch2
soep-core,P14_A-KH,prauch3,Anz. Pfeiffen/Tag,prauch3,soep-core-2014-pe,94,prauch3
soep-core,P14_A-KH,prauch4,Anz. Zigarren/Tag,prauch4,soep-core-2014-pe,94,prauch4
soep-core,P14_A-KH,prauchka,Rauchen GesamtKA,prauchka,soep-core-2014-pe,94,prauch4
soep-core,P14_A-KH,pessen,Gesundheitsbewusste Ernährung,pessen,soep-core-2014-pe,95,
soep-core,P14_A-KH,pgr,Körpergröße cm,pgr,soep-core-2014-pe,96,pgr
soep-core,P14_A-KH,pkilo,Körpergewicht kg,pkilo,soep-core-2014-pe,97,pkilo
soep-core,P14_A-KH,pkr17,Beschwerden seit 1 Jahr/chronisch,pkr17,soep-core-2014-pe,98,
soep-core,P14_A-KH,pdr1,Anz. Arztbesuche letzte 3 Mon.,pdr1,soep-core-2014-pe,99,pdr1
soep-core,P14_A-KH,pdr2,Kein Arztbesuch letzt. 3 Mon.,pdr2,soep-core-2014-pe,99,pdr2
soep-core,P14_A-KH,pkr1,Krankenhausaufenth. 2013,pkr1,soep-core-2014-pe,100,
soep-core,P14_A-KH,pkr2,Anz. Nächte Krankenhaus 2013,pkr2,soep-core-2014-pe,101,pkr2
soep-core,P14_A-KH,pkr3,Anz. Krankenhausaufenth. 2013,pkr3,soep-core-2014-pe,101,pkr3
soep-core,P14_A-KH,pkr4,Länger als 6 Wo. krank gemeldet 2013,pkr4,soep-core-2014-pe,102,
soep-core,P14_A-KH,pkr5,Keinen Tag gefehlt wg. Krankheit 2013,pkr5,soep-core-2014-pe,103,pkr5
soep-core,P14_A-KH,pkr6,Anz. Kranktage 2013,pkr6,soep-core-2014-pe,103,pkr6
soep-core,P14_A-KH,pkr18,Nicht gearbeitet wg. Krankh. d. Kindes 2013,pkr18,soep-core-2014-pe,104,pkr18
soep-core,P14_A-KH,pkr19,Anz. Fehltage wg. Krankh. d. Kindes 2013,pkr19,soep-core-2014-pe,104,pkr19
soep-core,P14_A-KH,pkr20,Nicht gearbeitet and. Gründe 2013,pkr20,soep-core-2014-pe,104,pkr20
soep-core,P14_A-KH,pkr21,Anz. Fehltage and. Gründe 2013,pkr21,soep-core-2014-pe,104,pkr21
soep-core,P14_A-KH,pkr22,Nein (and. Gründe f. Fehltage),pkr22,soep-core-2014-pe,104,pkr22
soep-core,P14_A-KH,pkkw,Krankenkassenwechsel nach 31.12.2012,pkkw,soep-core-2014-pe,105,
soep-core,P14_A-KH,pkv01,Gesetzlich/privat versichert,pkv01,soep-core-2014-pe,106,
soep-core,P14_A-KH,pkv02,Welche Krankenversicherung,pkv02,soep-core-2014-pe,107,pkv02
soep-core,P14_A-KH,pkvso,Name BKK/sonstige KV,pkvso,soep-core-2014-pe,107,pkvso
soep-core,P14_A-KH,pkv03,Wie versichert,pkv03,soep-core-2014-pe,108,
soep-core,P14_A-KH,pkv1301,Zusatzbeitrag,pkv1301,soep-core-2014-pe,109,pkv1301
soep-core,P14_A-KH,pkv1302,Prämie,pkv1302,soep-core-2014-pe,109,pkv1302
soep-core,P14_A-KH,pkv15,"Wechsel, wenn Zusatzbeitrag",pkv15,soep-core-2014-pe,109,pkv15
soep-core,P14_A-KH,pkv04,Priv. Zusatzversicherung,pkv04,soep-core-2014-pe,110,
soep-core,P14_A-KH,pkv05,Priv. Zusatzversicherung €/Monat,pkv05,soep-core-2014-pe,111,pkv05
soep-core,P14_A-KH,pkv06,Priv. Zusatzversicherung € weiß nicht,pkv06,soep-core-2014-pe,111,pkv06
soep-core,P14_A-KH,pkv07,Krankenhausbehandlung,pkv07,soep-core-2014-pe,112,pkv07
soep-core,P14_A-KH,pkv08,Zahnersatz,pkv08,soep-core-2014-pe,112,pkv08
soep-core,P14_A-KH,pkv09,Heil-/Hilfsmittel,pkv09,soep-core-2014-pe,112,pkv09
soep-core,P14_A-KH,pkv10,Auslandsaufenthalt,pkv10,soep-core-2014-pe,112,pkv10
soep-core,P14_A-KH,pkv11,Sonst. Leistungen Zusatz KV,pkv11,soep-core-2014-pe,112,pkv11
soep-core,P14_A-KH,pkv12,Leistungen Zusatz KV weiß nicht,pkv12,soep-core-2014-pe,112,pkv12
soep-core,P14_A-KH,ppkv01,Versicherungsnehmer priv. KV,ppkv01,soep-core-2014-pe,113,
soep-core,P14_A-KH,ppkv02,Private KV €/Monat,ppkv02,soep-core-2014-pe,114,ppkv02
soep-core,P14_A-KH,ppkv03,Private KV € weiß nicht,ppkv03,soep-core-2014-pe,114,ppkv03
soep-core,P14_A-KH,ppkv04,Private KV nur selbst versichert,ppkv04,soep-core-2014-pe,115,ppkv04
soep-core,P14_A-KH,ppkv05,Private KV Anzahl Mitversicherte,ppkv05,soep-core-2014-pe,115,ppkv05
soep-core,P14_A-KH,ppkv06,KV mit Selbstbeteiligung,ppkv06,soep-core-2014-pe,116,
soep-core,P14_A-KH,ppkv09,Selbstbeteiligung %,ppkv09,soep-core-2014-pe,117,ppkv09
soep-core,P14_A-KH,ppkv10,Pausch. Selbstbeteiligung €,ppkv10,soep-core-2014-pe,117,ppkv10
soep-core,P14_A-KH,ppol1,Politikinteresse,ppol1,soep-core-2014-pe,118,
soep-core,P14_A-KH,ppol2,Partei zugeneigt,ppol2,soep-core-2014-pe,119,
soep-core,P14_A-KH,ppol3,Welcher Partei zugeneigt,ppol3,soep-core-2014-pe,120,
soep-core,P14_A-KH,ppolso,Andere Partei,ppolso,soep-core-2014-pe,120,ppolso
soep-core,P14_A-KH,ppol4,Wie stark d. Partei zugeneigt,ppol4,soep-core-2014-pe,120,ppol4
soep-core,P14_A-KH,ppol8,Partei Wahl 2013,ppol8,soep-core-2014-pe,121,
soep-core,P14_A-KH,ppol6,Politische Einstufung links/rechts,ppol6,soep-core-2014-pe,122,
soep-core,P14_A-KH,psor01,Sorgen wirtsch. Entwicklung,psor01,soep-core-2014-pe,123,psor01
soep-core,P14_A-KH,psor02,Sorgen eigene wirtsch. Situation.,psor02,soep-core-2014-pe,123,psor02
soep-core,P14_A-KH,psor13,Sorgen Finanzmärkte,psor13,soep-core-2014-pe,123,psor13
soep-core,P14_A-KH,psor03,Sorgen eig. Gesundheit,psor03,soep-core-2014-pe,123,psor03
soep-core,P14_A-KH,psor04,Sorgen Umweltschutz,psor04,soep-core-2014-pe,123,psor04
soep-core,P14_A-KH,psor14,Sorgen Klimawandel,psor14,soep-core-2014-pe,123,psor14
soep-core,P14_A-KH,psor05,Sorgen Frieden,psor05,soep-core-2014-pe,123,psor05
soep-core,P14_A-KH,psor06,Sorgen Kriminalität in D.,psor06,soep-core-2014-pe,123,psor06
soep-core,P14_A-KH,psor08,Sorgen Zuwanderung nach D.,psor08,soep-core-2014-pe,123,psor08
soep-core,P14_A-KH,psor09,Sorgen Ausländerfeindlichk. in D.,psor09,soep-core-2014-pe,123,psor09
soep-core,P14_A-KH,psor10,Sorgen Sicherheit Arbeitsplatz,psor10,soep-core-2014-pe,123,psor10
soep-core,P14_A-KH,psorso,Sonstige Sorgen,psorso,soep-core-2014-pe,123,psorso
soep-core,P14_A-KH,psornr,Code sonstige Sorgen,psornr,soep-core-2014-pe,123,psorso
soep-core,P14_A-KH,ppol5,Zukunft optimistisch,ppol5,soep-core-2014-pe,124,
soep-core,P14_A-KH,prisk2,Risikobereitsch. Autofahren,prisk2,soep-core-2014-pe,125,prisk2
soep-core,P14_A-KH,prisk3,Risikobereitsch. Geldanlagen,prisk3,soep-core-2014-pe,125,prisk3
soep-core,P14_A-KH,prisk4,Risikobereitsch. Freizeit/Sport,prisk4,soep-core-2014-pe,125,prisk4
soep-core,P14_A-KH,prisk5,Risikobereitsch. berufl. Karriere,prisk5,soep-core-2014-pe,125,prisk5
soep-core,P14_A-KH,prisk6,Risikobereitsch. Gesundheit,prisk6,soep-core-2014-pe,125,prisk6
soep-core,P14_A-KH,prisk7,Risikobereitsch. Vertrauen,prisk7,soep-core-2014-pe,125,prisk7
soep-core,P14_A-KH,psex,Geschlecht,psex,soep-core-2014-pe,126,
soep-core,P14_A-KH,ppgebmo,Geburtsmonat,ppgebmo,soep-core-2014-pe,126,ppgebmo
soep-core,P14_A-KH,ppgeb,Geburtsjahr,ppgeb,soep-core-2014-pe,126,ppgeb
soep-core,P14_A-KH,pfamst,Familienstand,pfamst,soep-core-2014-pe,127,
soep-core,P14_A-KH,pp1,Feste Partnerschaft,pp1,soep-core-2014-pe,128,
soep-core,P14_A-KH,pp2,Partner im HH,pp2,soep-core-2014-pe,128,pp2
soep-core,P14_A-KH,ppnam,Vorname Partner i. HH,ppnam,soep-core-2014-pe,128,ppnam
soep-core,P14_A-KH,ppnr,Lfd. Personennummer Partner i. HH,,,,
soep-core,P14_A-KH,psta1,Deutsche Staatsangehörigkeit,psta1,soep-core-2014-pe,129,
soep-core,P14_A-KH,psta2,2. Staatsangehörigkeit,psta2,soep-core-2014-pe,130,
soep-core,P14_A-KH,psta2x,Welche 2. Staatsangehörigkeit,psta2x,soep-core-2014-pe,130,psta2x
soep-core,P14_A-KH,psta2nr,Code 2. Staatsangehörigkeit,psta2nr,soep-core-2014-pe,130,psta2nr
soep-core,P14_A-KH,psta3,Dt. Staatsangehörigkeit seit Geburt,psta3,soep-core-2014-pe,131,
soep-core,P14_A-KH,pstaelt,Eltern in DE geboren,pstaelt,soep-core-2014-pe,132,
soep-core,P14_A-KH,ppnat,Welche Staatsangehörigkeit,ppnat,soep-core-2014-pe,133,
soep-core,P14_A-KH,pnatnr,Code Staatsangehörigkeit,pnatnr,soep-core-2014-pe,133,
soep-core,P14_A-KH,pnat02,Dt. Staatsangeh. beantragen,pnat02,soep-core-2014-pe,134,
soep-core,P14_A-KH,pnat17,Heimisch fühlen i. Herkunftsland,pnat17,soep-core-2014-pe,135,
soep-core,P14_A-KH,pnat18,Besuch Herkunftsland i.d. letzt. 2 J.,pnat18,soep-core-2014-pe,136,
soep-core,P14_A-KH,pnat19,Besuch Herkunftsland Dauer,pnat19,soep-core-2014-pe,136,pnat19
soep-core,P14_A-KH,pnat20,Sprache Mediennutzung,pnat20,soep-core-2014-pe,137,
soep-core,P14_A-KH,pna15,Verbundenheit m. Herkunftsland,pna15,soep-core-2014-pe,138,
soep-core,P14_A-KH,pna14,Verbundenheit m. D.,pna14,soep-core-2014-pe,139,
soep-core,P14_A-KH,pzug01,Verbundenheit mit Wohnort,pzug01,soep-core-2014-pe,140,
soep-core,P14_A-KH,pzug02,Wegzug vorstellbar,pzug02,soep-core-2014-pe,141,
soep-core,P14_A-KH,pzug03,Umzug in alte/neue BL,pzug03,soep-core-2014-pe,142,
soep-core,P14_A-KH,pzug04,Kontakt zu Ausland,pzug04,soep-core-2014-pe,143,
soep-core,P14_A-KH,pzug05,Ausland länger als 3 Mon.,pzug05,soep-core-2014-pe,144,
soep-core,P14_A-KH,pzug06,Überlegt Ausland f. länger/immer,pzug06,soep-core-2014-pe,145,
soep-core,P14_A-KH,pzug07,Wie lange ins Ausland,pzug07,soep-core-2014-pe,146,
soep-core,P14_A-KH,pzug08,Auswanderungsland,pzug08,soep-core-2014-pe,147,
soep-core,P14_A-KH,pzugnr,Code Auswanderungsland,pzugnr,soep-core-2014-pe,147,
soep-core,P14_A-KH,pzug09,Auswandern nächste 12 Mon.,pzug09,soep-core-2014-pe,148,
soep-core,P14_A-KH,punt11,Zahlung 2013 an Eltern/Schw.eltern,punt11,soep-core-2014-pe,149,punt11
soep-core,P14_A-KH,punt12,€ Betrag 2013 an Eltern/Schw.eltern,punt12,soep-core-2014-pe,149,punt12
soep-core,P14_A-KH,punt13,Wohnort Eltern/Schw.eltern DE,punt13,soep-core-2014-pe,149,punt13
soep-core,P14_A-KH,punt14,Wohnort Eltern/Schw.eltern Ausland,punt14,soep-core-2014-pe,149,punt14
soep-core,P14_A-KH,punt21,Zahlung 2013 an Kinder,punt21,soep-core-2014-pe,149,punt21
soep-core,P14_A-KH,punt22,€ Betrag 2013 an Kinder ,punt22,soep-core-2014-pe,149,punt22
soep-core,P14_A-KH,punt23,Wohnort Kinder DE,punt23,soep-core-2014-pe,149,punt23
soep-core,P14_A-KH,punt24,Wohnort Kinder Ausland,punt24,soep-core-2014-pe,149,punt24
soep-core,P14_A-KH,punt31,Zahlung 2013 an (geschied.) Ehepartner,punt31,soep-core-2014-pe,149,punt31
soep-core,P14_A-KH,punt32,€ Betrag 2013 an (gesch.) Ehepartner ,punt32,soep-core-2014-pe,149,punt32
soep-core,P14_A-KH,punt33,Wohnort (geschied.) Ehepartner DE,punt33,soep-core-2014-pe,149,punt33
soep-core,P14_A-KH,punt34,Wohnort (geschied.) Ehepartner Ausland,punt34,soep-core-2014-pe,149,punt34
soep-core,P14_A-KH,punt41,Zahlung 2013 an sonst. Verwandte,punt41,soep-core-2014-pe,149,punt41
soep-core,P14_A-KH,punt42,€ Betrag 2013 an sonst. Verwandte,punt42,soep-core-2014-pe,149,punt42
soep-core,P14_A-KH,punt43,Wohnort sonst. Verwandte DE,punt43,soep-core-2014-pe,149,punt43
soep-core,P14_A-KH,punt44,Wohnort sonst. Verwandte Ausland,punt44,soep-core-2014-pe,149,punt44
soep-core,P14_A-KH,punt51,Zahlung 2013 an nicht Verwandte,punt51,soep-core-2014-pe,149,punt51
soep-core,P14_A-KH,punt52,€ Betrag 2013 an nicht Verwandte,punt52,soep-core-2014-pe,149,punt52
soep-core,P14_A-KH,punt53,Wohnort nicht Verwandte DE,punt53,soep-core-2014-pe,149,punt53
soep-core,P14_A-KH,punt54,Wohnort nicht Verwandte Ausland,punt54,soep-core-2014-pe,149,punt54
soep-core,P14_A-KH,puntno,Keine Zahlungen dieser Art,puntno,soep-core-2014-pe,149,puntno
soep-core,P14_A-KH,pfs141,Neuer Partner/-in,pfs141,soep-core-2014-pe,150,pfs141
soep-core,P14_A-KH,pfs143,Neuer Partner/-in Monat 2014,pfs143,soep-core-2014-pe,150,pfs143
soep-core,P14_A-KH,pfs142,Neuer Partner/-in Monat 2013,pfs142,soep-core-2014-pe,150,pfs142
soep-core,P14_A-KH,pfs021,Mit Partner/-in zus.gezogen,pfs021,soep-core-2014-pe,150,pfs021
soep-core,P14_A-KH,pfs023,Mit Partner/-in zus.gezogen Monat 2014,pfs023,soep-core-2014-pe,150,pfs023
soep-core,P14_A-KH,pfs022,Mit Partner/-in zus.gezogen Monat 2013,pfs022,soep-core-2014-pe,150,pfs022
soep-core,P14_A-KH,pfs011,Geheiratet,pfs011,soep-core-2014-pe,150,pfs011
soep-core,P14_A-KH,pfs013,Geheiratet Monat 2014,pfs013,soep-core-2014-pe,150,pfs013
soep-core,P14_A-KH,pfs012,Geheiratet Monat 2013,pfs012,soep-core-2014-pe,150,pfs012
soep-core,P14_A-KH,pfs031,Vater/Mutter geworden,pfs031,soep-core-2014-pe,150,pfs031
soep-core,P14_A-KH,pfs033,Vater/Mutter geworden Monat 2014,pfs033,soep-core-2014-pe,150,pfs033
soep-core,P14_A-KH,pfs032,Vater/Mutter geworden Monat 2013,pfs032,soep-core-2014-pe,150,pfs032
soep-core,P14_A-KH,pfs111,Kind kam in HH,pfs111,soep-core-2014-pe,150,pfs111
soep-core,P14_A-KH,pfs113,Kind kam in HH Monat 2014,pfs113,soep-core-2014-pe,150,pfs113
soep-core,P14_A-KH,pfs112,Kind kam in HH Monat 2013,pfs112,soep-core-2014-pe,150,pfs112
soep-core,P14_A-KH,pfs041,Kind HH verlassen,pfs041,soep-core-2014-pe,150,pfs041
soep-core,P14_A-KH,pfs043,Kind HH verlassen Monat 2014,pfs043,soep-core-2014-pe,150,pfs043
soep-core,P14_A-KH,pfs042,Kind HH verlassen Monat 2013,pfs042,soep-core-2014-pe,150,pfs042
soep-core,P14_A-KH,pfs051,Vom Ehe-/Lebenspartner getrennt,pfs051,soep-core-2014-pe,150,pfs051
soep-core,P14_A-KH,pfs053,Von Ehe-/Lebenspartner getrennt Monat 2014,pfs053,soep-core-2014-pe,150,pfs053
soep-core,P14_A-KH,pfs052,Von Ehe-/Lebenspartner getrennt Monat 2013,pfs052,soep-core-2014-pe,150,pfs052
soep-core,P14_A-KH,pfs061,Geschieden,pfs061,soep-core-2014-pe,150,pfs061
soep-core,P14_A-KH,pfs063,Geschieden Monat 2014,pfs063,soep-core-2014-pe,150,pfs063
soep-core,P14_A-KH,pfs062,Geschieden Monat 2013,pfs062,soep-core-2014-pe,150,pfs062
soep-core,P14_A-KH,pfs071,Ehe-/Lebenspartner verstorben,pfs071,soep-core-2014-pe,150,pfs071
soep-core,P14_A-KH,pfs073,Ehe-/Lebenspartner verstorben Monat 2014,pfs073,soep-core-2014-pe,150,pfs073
soep-core,P14_A-KH,pfs072,Ehe-/Lebenspartner verstorben Monat 2013,pfs072,soep-core-2014-pe,150,pfs072
soep-core,P14_A-KH,pfs081,Vater verstorben,pfs081,soep-core-2014-pe,150,pfs081
soep-core,P14_A-KH,pfs083,Vater verstorben Monat 2014,pfs083,soep-core-2014-pe,150,pfs083
soep-core,P14_A-KH,pfs082,Vater verstorben Monat 2013,pfs082,soep-core-2014-pe,150,pfs082
soep-core,P14_A-KH,pfs091,Mutter verstorben,pfs091,soep-core-2014-pe,150,pfs091
soep-core,P14_A-KH,pfs093,Mutter verstorben Monat 2014,pfs093,soep-core-2014-pe,150,pfs093
soep-core,P14_A-KH,pfs092,Mutter verstorben Monat 2013,pfs092,soep-core-2014-pe,150,pfs092
soep-core,P14_A-KH,pfs121,Kind verstorben,pfs121,soep-core-2014-pe,150,pfs121
soep-core,P14_A-KH,pfs123,Kind verstorben Monat 2014,pfs123,soep-core-2014-pe,150,pfs123
soep-core,P14_A-KH,pfs122,Kind verstorben Monat 2013,pfs122,soep-core-2014-pe,150,pfs122
soep-core,P14_A-KH,pfs131,And. Person im HH verstorben,pfs131,soep-core-2014-pe,150,pfs131
soep-core,P14_A-KH,pfs133,And. Person im HH verstorben Monat 2014,pfs133,soep-core-2014-pe,150,pfs133
soep-core,P14_A-KH,pfs132,And. Person im HH verstorben Monat 2013,pfs132,soep-core-2014-pe,150,pfs132
soep-core,P14_A-KH,pfs101,Sonst. fam. Veränderung,pfs101,soep-core-2014-pe,150,pfs101
soep-core,P14_A-KH,pfs103,Sonst. fam. Veränderung Monat 2014,pfs103,soep-core-2014-pe,150,pfs103
soep-core,P14_A-KH,pfs102,Sonst. fam. Veränderung Monat 2013,pfs102,soep-core-2014-pe,150,pfs102
soep-core,P14_A-KH,pfsso,Offene Nennung sonst. fam. Veränderung,pfsso,soep-core-2014-pe,150,pfsso
soep-core,P14_A-KH,pfsno,"Nein, nichts davon (fam. Veränderung)",pfsno,soep-core-2014-pe,150,pfsno
soep-core,P14_A-KH,pzule1,Zufriedenheit gegenwärtig,pzule1,soep-core-2014-pe,151,
soep-core,P14_A-KH,pdatt,Interviewtag,pdatt,soep-core-2014-pe,A,pdatt
soep-core,P14_A-KH,pdatm,Interviewmonat,pdatm,soep-core-2014-pe,A,pdatm
soep-core,P14_A-KH,pdatst,Interview beendet Uhrzeit (Stunde),pdatst,soep-core-2014-pe,A,pdatst
soep-core,P14_A-KH,pdatmi,Interview beendet Uhrzeit (Minuten),pdatmi,soep-core-2014-pe,A,pdatmi
soep-core,P14_A-KH,pform,Befragungsform,pform,soep-core-2014-pe,B,
soep-core,P14_A-KH,pdauer1,Interviewdauer mündlich,pdauer1,soep-core-2014-pe,C,pdauer1
soep-core,P14_A-KH,pdauer2,Interviewdauer Selbstausfüller,pdauer2,soep-core-2014-pe,C,pdauer2
soep-core,P14_A-KH,ptext,Sonstige Hinweise,ptext,soep-core-2014-pe,D,
soep-core,P14_A-KH,pintnr,Interviewernummer,pintnr,soep-core-2014-pe,IN,pintnr
soep-core,P14_A-KH,hpmax,Höchste vergebene Personennummer im Haushalt,,,,
soep-core,P14_A-KH,urhh,Urhaushaltsnummer,,,,
soep-core,P14_A-KH,pnrfest,Unveränderliche Personennr.,,,,
soep-core,P14_A-KH,ptarif,Tarifliche Bindung im Arbeitsverdienst,,,,
